Date;mean;max;min;std;night_mean;evening_mean;evening_max;ramp_18_6;ramp_max;year
04/01/2015;36,56;36,56;36,56;;36,56;;#NAME?;;;2015
05/01/2015;44,91125;58,84;22,92;9,348497816;32,23333333;52,14;58,84;14,56;11,34;2015
06/01/2015;44,88375;53,1;34,04;5,349065593;38,05333333;49,332;53,1;9;6,68;2015
07/01/2015;45,52625;54,44;29,48;6,868615336;35,75333333;48,356;52,46;10,72;7,43;2015
08/01/2015;42,51125;51,25;24,54;7,466887666;31,715;47,6;51,25;10,29;8,96;2015
09/01/2015;33,07083333;45,82;16,05;8,608495761;23,08666667;34,92;41;9,14;12,14;2015
10/01/2015;18,05041667;27,75;9,08;5,618629323;14,33;22,83;27,75;12,69;7,06;2015
11/01/2015;26,07791667;42;12,7;7,652619318;21,55;34,234;42;16,76;9,67;2015
12/01/2015;36,60208333;48,42;15,16;9,740984228;23,07666667;42,95;48,42;13,91;14,14;2015
13/01/2015;36,93;49,64;11,26;10,57629014;23,07;42,886;49,22;15,44;11,49;2015
14/01/2015;38,9425;50,99;15,59;10,16645047;23,89833333;46,894;50,99;16,21;15,88;2015
15/01/2015;37,11083333;50,45;15,43;10,95189399;21,98;43,996;50,45;18,12;16,29;2015
16/01/2015;42,03541667;53,54;22,95;8,951218998;29,02333333;46,696;53,54;13,81;10,15;2015
17/01/2015;36,54208333;47,44;27,05;6,698722772;30,64666667;41,454;46,43;18,43;8,82;2015
18/01/2015;36,9775;51,02;24,34;7,893273003;29,73;46,29;51,02;20,16;10,53;2015
19/01/2015;46,42583333;64,7;28,07;9,127824121;33,28833333;53,434;64,7;21,83;12,54;2015
20/01/2015;49,85875;66,65;33,41;8,221966502;39,425;54,808;66,65;21,98;8,72;2015
21/01/2015;50,00166667;62,08;37,68;7,807027863;41,34333333;53,64;59,82;15,04;9,34;2015
22/01/2015;51,49875;64,57;35,31;8,956775095;39,40833333;58,596;64,57;19,08;7,93;2015
23/01/2015;48,48666667;61,62;35;7,760634592;39,41833333;51,36;57,24;13,64;11,36;2015
24/01/2015;42,45875;51,4;34,52;4,996132689;39,08833333;46,396;51,4;11,65;10,29;2015
25/01/2015;40,10375;51,81;28,64;6,125796355;35,335;47,352;51,81;20,2;10,93;2015
26/01/2015;47,03083333;58,85;30,1;8,103201148;35,63666667;51,238;58,85;13,75;10,06;2015
27/01/2015;48,36125;63,29;33,68;7,03921087;39,16666667;55,206;63,29;18,08;10,67;2015
28/01/2015;45,37625;52,59;29,76;6,666523644;37,03166667;49,546;52,59;8,93;12,31;2015
29/01/2015;48,87708333;67,67;33,02;9,491612535;39,575;55,056;67,67;23,15;10,97;2015
30/01/2015;42,34666667;52,01;23,89;9,155224532;29,69333333;48,128;52,01;11,7;12,23;2015
31/01/2015;41,49875;50,96;29,75;5,591261281;36,14833333;44,754;50,96;13,54;7,97;2015
01/02/2015;36,5475;52,05;24,26;9,070632138;30,38;47,914;52,05;26,53;13,94;2015
02/02/2015;54,17083333;97,53;29,87;16,75382732;35,64666667;73,664;97,53;54,06;38,57;2015
03/02/2015;56,86083333;95,66;40,35;12,83867117;41,97333333;67,872;95,66;48,22;35,59;2015
04/02/2015;53,71666667;77,21;40,29;8,65737618;43,91333333;61,242;77,21;29,84;17,84;2015
05/02/2015;52,57958333;63,79;40,3;8,069734374;43,56;56,458;62,27;14,08;15,6;2015
06/02/2015;52,17125;70,24;35,93;9,564298794;41,77666667;54,072;58,72;10,29;11,05;2015
07/02/2015;52,57;70,03;42,45;7,19527502;49,13166667;60,638;70,03;19,85;16,66;2015
08/02/2015;48,295;73,03;38,23;8,258793996;50,19333333;56,302;73,03;16,5;16,37;2015
09/02/2015;62,19041667;115;41,12;17,38080738;45,535;83,076;115;64,66;56,1;2015
10/02/2015;62,30291667;84,94;44,82;12,07753663;48,85;68,954;84,94;32,56;23,53;2015
11/02/2015;55,96541667;81,37;42,39;10,41555984;44,97333333;64,652;81,37;31,59;22,89;2015
12/02/2015;54,23458333;75,71;42,99;9,807463874;45,71833333;60,244;72;18,65;14,42;2015
13/02/2015;48,8775;59,97;41,3;5,78869682;43,57166667;49,438;55,36;6,07;12,83;2015
14/02/2015;40,36291667;49,1;27,68;5,871683322;34,4;44,99;49,1;13,52;6,76;2015
15/02/2015;42,04625;59,57;29,94;9,267107711;36,75833333;52,7;59,57;21,99;14,3;2015
16/02/2015;54,88625;68,03;39,26;8,78751724;43,86;60,46;67,7;14,37;11,24;2015
17/02/2015;49,95791667;62,51;36,26;6,525736326;41,59;54,322;62,51;14,97;12,91;2015
18/02/2015;51,33333333;61,55;39,26;6,614194004;41,99666667;56,526;61,55;9,76;7,94;2015
19/02/2015;52,13625;71,4;40,84;7,768627439;43,725;58,308;71,4;14,13;11,71;2015
20/02/2015;51,0075;59,2;40,52;5,115458456;44,245;51,972;54,58;3,71;7,91;2015
21/02/2015;48,10208333;61,86;37,49;6,443585944;40,775;53,7;61,86;18,43;13,39;2015
22/02/2015;39,54541667;53;25,05;6,940719784;36,64333333;47,076;53;16,45;11,91;2015
23/02/2015;46,98291667;59,74;31,74;7,782167732;36,97833333;48,874;53,06;6,67;10,44;2015
24/02/2015;46,24291667;58,51;30,91;6,94916603;37,17833333;52;58,51;9,95;7,42;2015
25/02/2015;49,10625;68,34;35,54;7,46632487;39,60333333;56,064;68,34;20;18,43;2015
26/02/2015;48,02875;57,89;38,05;5,774169101;40,90166667;51,194;56;5,74;8,24;2015
27/02/2015;48,82333333;64,06;28,02;8,935356574;38,35333333;55,528;64,06;19,64;16,12;2015
28/02/2015;46,46333333;56,61;35,62;5,230711704;43,495;50,184;56,61;12,95;15,33;2015
01/03/2015;26,8175;46,72;11,7;8,404736889;25,07666667;35,488;46,72;11,79;14,79;2015
02/03/2015;45,705;70,16;12;16,57168145;22,475;58,69;70,16;21,03;17,88;2015
03/03/2015;51,28083333;67,32;41;6,382546116;44,875;55,408;67,32;4,8;11,42;2015
04/03/2015;47,6925;65;34,14;7,733124263;39,005;52,782;65;7,59;10,51;2015
05/03/2015;49,51583333;68,5;37,92;9,147919657;41,81333333;56,306;68,5;15,27;20,53;2015
06/03/2015;50,4425;67,04;40,26;7,995846884;42,055;53,718;62;8,65;13,63;2015
07/03/2015;40,88708333;56,4;26,11;7,619873033;37,30166667;48,034;56,4;8,78;10,3;2015
08/03/2015;30,48833333;44,17;12,88;9,40863464;34,26;36,326;44,17;3,32;15,71;2015
09/03/2015;44,71541667;65,97;27,83;9,358097158;33,455;52,564;65,97;15,14;13,65;2015
10/03/2015;47,1725;65,18;34,3;7,345392078;38,53;53,48;65,18;9,41;12,43;2015
11/03/2015;46,08208333;66,45;34,9;7,98611838;37,31666667;51,824;66,45;6,9;13,59;2015
12/03/2015;45,09416667;62;32,63;7,934624134;36,44833333;50,844;62;5,47;10,01;2015
13/03/2015;44,61916667;57,19;29,78;7,073886403;35,78333333;49,512;57,19;5,82;9,84;2015
14/03/2015;40,90208333;50,95;32,22;5,001813566;38,28;45,28;50,95;5,4;7,55;2015
15/03/2015;39,2625;56,95;24,03;9,684150767;36,95333333;47,772;56,95;13,31;11,42;2015
16/03/2015;54,19041667;72;40,07;8,159479139;43,15166667;60,396;72;8,7;13,3;2015
17/03/2015;47,59666667;59,67;39,94;5,655067498;43,07666667;49,322;55,64;-4,51;9,33;2015
18/03/2015;45,18375;60,04;35,78;6,599825961;37,79833333;49,692;60,04;6,97;8,62;2015
19/03/2015;42,2025;65,67;28,16;9,063158702;31,055;51,16;65,67;12,84;10,89;2015
20/03/2015;40,80833333;55;28,66;7,134652526;34,16333333;46,444;55;6,87;9,61;2015
21/03/2015;44,45666667;63,49;35,05;6,247408274;39,83;53,242;63,49;15,55;10,21;2015
22/03/2015;32,18166667;53,96;16,01;12,06279644;32,51166667;44,25;53,96;16,78;13,82;2015
23/03/2015;52,88;75,61;41,78;7,010064814;45,44;58,976;75,61;3,93;19,68;2015
24/03/2015;56,81666667;98,05;44,65;10,88776085;45,92333333;68,338;98,05;18,98;31,06;2015
25/03/2015;57,22875;79,79;34,8;11,9127463;40,33166667;63,768;79,79;13,28;15,79;2015
26/03/2015;50,4925;65,54;39,73;6,896560737;42,195;52,89;58,68;0,73;11,41;2015
27/03/2015;50,95125;65,99;34,37;7,527192047;41,02166667;57,11;65,99;8,72;10,49;2015
28/03/2015;35,71375;49,99;23,57;6,186216665;35,74833333;40,366;49,99;7,69;15,35;2015
29/03/2015;18,71833333;33,05;9,83;6,50635854;18,66333333;23,314;33,05;5,51;8,28;2015
30/03/2015;39,32;57,27;3,18;16,37377888;16,24;46,772;57,27;11,81;19,79;2015
31/03/2015;40,74916667;55,18;8,88;13,21195668;21,49666667;47,504;53,62;3,46;18,62;2015
01/04/2015;44,06791667;62,41;14,9;11,72760807;30,46833333;43,944;49,54;-8,61;18,86;2015
02/04/2015;50,17958333;63,99;27,49;9,537030109;36,65833333;56,706;63,92;1,13;13,79;2015
03/04/2015;46,85791667;60,99;31,51;9,140803874;35,98666667;50,806;56,64;-4,79;13,94;2015
04/04/2015;30,18291667;36,89;24,45;3,839182974;27,22;30,956;33,21;4,42;5,28;2015
05/04/2015;28,40625;45;12;9,353763164;30,28833333;31,022;40,87;2,04;8,43;2015
06/04/2015;34,07333333;46,76;15,35;9,538556388;33,36;36,31;45,75;-4,5;11,04;2015
07/04/2015;52,47916667;82,3;28,01;13,95536173;37,605;54,16;62,12;-3,69;18,78;2015
08/04/2015;54,27375;96,89;37,98;14,13371265;43,14833333;51,82;58,99;-8,41;19,81;2015
09/04/2015;52,65125;81,29;36,98;10,78381731;41,06666667;54,848;59,98;-0,98;13,71;2015
10/04/2015;46,77333333;61,6;32,92;7,878685979;40,835;46,218;52;-8,64;9,81;2015
11/04/2015;36,115;57,17;15,74;11,37357961;35,78333333;41,826;56,68;-1,47;9,83;2015
12/04/2015;24,08416667;40,54;6,73;8,13323665;30,62166667;25,704;32,51;-0,79;7,53;2015
13/04/2015;49,005;69,99;30,45;10,59593605;34,32833333;53,522;60,69;-3,55;14,61;2015
14/04/2015;44,49208333;55;27,08;8,428698893;32,97833333;47,536;55;0,77;12,24;2015
15/04/2015;46,12083333;52,9;24,7;7,717260111;35,17333333;50,106;52,48;11,12;9,41;2015
16/04/2015;44,91125;55,37;25,07;7,335830063;35,12833333;45,604;49,49;-0,76;11,9;2015
17/04/2015;42,69708333;54,9;27,72;9,029757799;29,335;43,17;45,7;0,65;13,2;2015
18/04/2015;25,32875;39,58;11,94;6,993766363;25,88166667;27,904;35,13;-3,32;5,24;2015
19/04/2015;24,31833333;39,64;10,1;8,007060833;23,715;32,082;39,64;5,24;9,9;2015
20/04/2015;41,82291667;56,11;22,71;9,295376354;30,515;41,094;45,39;-7,38;16,22;2015
21/04/2015;42,01958333;53,98;27,95;6,835492081;33,225;41,784;43,34;-1,91;8,43;2015
22/04/2015;39,33375;50,44;22,06;8,726684122;26,475;46,422;50,44;11,07;11,96;2015
23/04/2015;39,42541667;46,47;25,07;7,439772074;28,42666667;42,396;46,47;1,98;8,9;2015
24/04/2015;36,24416667;47,44;25,01;6,5654093;28,085;38,574;41,52;-2,24;10,87;2015
25/04/2015;26,56375;33,23;20,87;3,991649776;22,26;30,848;33,23;9,5;4,74;2015
26/04/2015;23,12291667;33,55;16,3;5,235202317;21,72833333;26,886;31,9;4,6;4,49;2015
27/04/2015;39,92416667;50,35;16,73;9,94108861;24,76333333;43,524;44,97;6,97;12,82;2015
28/04/2015;41,44;57,79;25,13;9,324683932;28,285;42,346;44,83;1,95;10,31;2015
29/04/2015;41,53916667;60,99;25,4;9,555942343;30,18666667;41,952;45,28;2,2;15,1;2015
30/04/2015;40,50791667;55,52;24,09;8,816910126;28,10333333;41,612;44,92;-0,55;10,01;2015
01/05/2015;21,75583333;28,7;12,12;3,769832099;21,15333333;23,606;26,89;10,52;4,27;2015
02/05/2015;25,25125;37,33;17,57;6,581406822;19,205;32,098;36,09;13,88;8,55;2015
03/05/2015;16,21791667;21,39;5,99;3,885342556;16,075;17,714;20,5;10,02;4,09;2015
04/05/2015;35,18208333;55,1;8,47;13,09360348;15,465;40,41;42,45;9,59;18,21;2015
05/05/2015;27,96541667;38,31;13,91;7,138258209;19,345;31,224;35,22;5,86;7,62;2015
06/05/2015;30,5675;42,23;15,9;7,54895573;21,53166667;30,866;34,48;-5,76;11,13;2015
07/05/2015;38,60208333;58,5;12,64;13,13163057;20,22833333;43,466;47,65;12,73;24,78;2015
08/05/2015;25,31166667;33,12;17,77;4,604842127;22,105;24,024;30,59;-1,21;5,17;2015
09/05/2015;16,8425;21,47;7,99;3,371961434;15,77333333;18,59;20,95;0,84;4,34;2015
10/05/2015;12,41875;28,01;0,02;9,509088244;12,04166667;21,748;26,75;18,63;10,57;2015
11/05/2015;31,2975;42,11;13,27;8,510233354;18,29;38,08;42,11;9;11,25;2015
12/05/2015;28,70291667;45,44;14,26;8,004104642;18,79;31,096;34,35;3,72;11,75;2015
13/05/2015;27,41708333;36,97;16,17;6,370230683;19,78;32,122;36,97;10,05;10,1;2015
14/05/2015;20,24833333;27,39;16,26;3,28881063;20,295;21,914;24,18;5,21;4,45;2015
15/05/2015;30,03625;39,92;19,63;6,653528526;22,215;35,572;39,92;11,88;8,47;2015
16/05/2015;21,23083333;32,06;14,3;4,631236962;19,66666667;23,488;28,84;-0,65;4,45;2015
17/05/2015;14,58458333;30,55;2,65;8,201476526;12,96;19,18;23,9;13,35;6,94;2015
18/05/2015;29,96;44,45;15,01;8,337133279;18,23666667;32,32;36,92;-5,47;15,95;2015
19/05/2015;29,97958333;40,93;14,51;8,594347728;19,57;33,618;37,7;10,35;18,51;2015
20/05/2015;35,51291667;56,11;20,41;10,16826713;23,64666667;34,942;37,47;3,1;18,56;2015
21/05/2015;35,61791667;49,97;23,77;7,443416104;26,29;36,586;39,96;0,95;8,97;2015
22/05/2015;32,95125;43,52;23,74;5,420126192;25,55;34,626;36,17;-0,02;8,71;2015
23/05/2015;24,70958333;30;20,21;3,486693312;22,31;27,232;29,58;5,55;3,86;2015
24/05/2015;19,38375;29,99;14,78;4,044163602;18,47666667;20,706;22,94;5,18;7,7;2015
25/05/2015;23,69833333;33,64;15,73;5,111678586;20,47;27;29,85;6,4;3,97;2015
26/05/2015;33,81833333;47,97;22,47;7,558026351;23,49833333;33,83;35,4;-3,27;13,83;2015
27/05/2015;31,88625;39,88;18,79;6,458777521;23,06166667;38;39,88;10,35;6,66;2015
28/05/2015;33,15666667;39,86;23,77;5,317809836;26,15;35,828;37,99;6,24;9,09;2015
29/05/2015;33,01333333;47,35;18,92;7,278763432;24,17166667;33,378;34,97;-1,79;9,72;2015
30/05/2015;21,00583333;30,53;16,68;3,97438638;18,80666667;23,638;26,24;4,26;4,29;2015
31/05/2015;16,03041667;22,96;10,69;3,34509047;15,90666667;17,73;19,59;5,06;3,55;2015
01/06/2015;32,04125;46,68;14;10,75037606;17,07833333;39,448;46,34;17,89;10,72;2015
02/06/2015;23,51041667;33,74;11,17;5,516316887;16,205;26,276;30,62;-0,27;9,2;2015
03/06/2015;31,88458333;43,9;4,89;11,3932707;15,87833333;37,026;40,47;12,26;15,03;2015
04/06/2015;31,72083333;41,68;21,62;5,372928856;25,185;35,66;37,34;11,16;9,45;2015
05/06/2015;39,28916667;54,93;19,12;11,45022913;23,58666667;38,584;42,79;10,79;12,21;2015
06/06/2015;24,86375;35,2;19,42;4,776682324;21,75833333;28,788;32,05;5,65;4,43;2015
07/06/2015;18,58541667;32,39;12,02;5,771633767;18,05166667;22,01;25,19;8,9;8,05;2015
08/06/2015;33,11291667;48,08;15,13;9,518912744;19,04;34,716;36,97;3,19;13,44;2015
09/06/2015;33,86291667;47,01;17,34;9,417013964;21,59333333;36,544;38,16;17,37;12,47;2015
10/06/2015;32,675;41,02;21,23;5,762528883;24,165;37,066;39,7;8,14;10,7;2015
11/06/2015;37,52333333;44,96;22,92;7,092446482;26,49333333;42,826;44,96;11,39;9,69;2015
12/06/2015;35,63;44,45;24,25;6,290947257;26,24;37,226;40,72;9,24;8,14;2015
13/06/2015;25,68291667;31,43;18,47;4,074644267;22,315;27,866;29,73;8,14;7,04;2015
14/06/2015;19,67208333;31,97;10,24;6,183484299;16,69833333;24,994;27,73;14,61;6,83;2015
15/06/2015;35,52458333;48,25;16;10,20625468;20,13166667;38,494;40,54;10,76;11,23;2015
16/06/2015;39,02;51,36;23,14;10,03927851;23,74833333;40,54;44;4,65;12,78;2015
17/06/2015;31,98416667;39,46;19,63;6,131502346;23,795;36,452;39,46;13,39;7,44;2015
18/06/2015;37,19791667;49,91;17,18;9,154829554;23,705;40,412;46,55;12,92;8,8;2015
19/06/2015;36,11833333;46,58;23,7;6,494276187;27,13333333;37,396;39,26;6,47;5,97;2015
20/06/2015;26,3325;35,3;20,8;4,327376201;23,43166667;28,884;31,48;4,81;3,86;2015
21/06/2015;18,82;34,99;2,74;7,884619039;19,49;20,612;22,81;16,03;13,15;2015
22/06/2015;34,875;47,61;18,51;8,388309671;24,765;34,572;39,05;5,32;9,35;2015
23/06/2015;37,47625;48,86;24,87;7,702258174;26,94666667;37,134;38,49;7,53;7,6;2015
24/06/2015;35,44791667;45,32;19,31;6,862684846;26,08;41,762;44,45;10,03;9,6;2015
25/06/2015;42,34;54,4;26,1;9,263758745;29,55166667;43,158;46,19;8,73;10,93;2015
26/06/2015;40,43625;49,88;27,2;6,715403327;30,15333333;41,666;44,27;6,85;7,23;2015
27/06/2015;29,71583333;37,69;22,05;4,598675534;25,68166667;31,578;33,77;5,15;7,13;2015
28/06/2015;25,1875;46,54;15,06;10,00779055;22,355;34,246;39,72;18,91;10,46;2015
29/06/2015;37,86416667;49,03;25,34;6,831797088;27,96166667;41,704;43,96;4,08;8,95;2015
30/06/2015;40,3625;52;27,52;7,065119003;31,16833333;47;52;15,93;8,09;2015
01/07/2015;43,03208333;54,04;27,7;8,17281548;32,11333333;48,648;54,04;16,7;12,24;2015
02/07/2015;48,89041667;65;27,85;11,30678307;34,35833333;50,318;56,59;18,8;12,07;2015
03/07/2015;50,60166667;60;31,76;9,756917576;34,84;57,212;60;12,55;10,23;2015
04/07/2015;35,01541667;44,14;27,58;5,126814401;30,77;41,61;44,14;16,41;6,46;2015
05/07/2015;29,0375;41,86;22,21;5,262406665;26,255;33,132;35,07;10,27;6,79;2015
06/07/2015;47,695;65,05;16,95;14,92429475;28,91166667;58,396;65,05;22,87;13,44;2015
07/07/2015;49,5125;65;27,96;10,47039024;34,09166667;52,568;57,65;8,8;14,09;2015
08/07/2015;38,31125;53,33;24,92;8,060862136;29,55666667;37,914;41,51;7,09;15,31;2015
09/07/2015;39,12083333;49,87;20,55;8,234101897;27,51166667;41,088;46,56;-0,73;13,93;2015
10/07/2015;39,49;50,17;24,03;7,6409543;29,98;45,022;50,17;11,5;11,92;2015
11/07/2015;35,06791667;45,96;27,84;5,412546599;30,75666667;38,036;42,02;6,67;6,37;2015
12/07/2015;28,13583333;39,99;20,36;5,841496917;28,29333333;33,282;36,6;4,98;5,71;2015
13/07/2015;40,52708333;52,38;24,79;8,29381408;27,49333333;45,096;47,02;10,32;8,98;2015
14/07/2015;35,71666667;49,99;18,62;10,24151554;27,46166667;41,81;47,32;19,02;8,26;2015
15/07/2015;47,67791667;59,29;25,55;10,01212959;33,24;54,552;59,15;11,44;8,47;2015
16/07/2015;47,51333333;56,14;32;8,046522158;35,00166667;53,992;56,14;13,05;12,83;2015
17/07/2015;42,17083333;49,32;29,94;5,845984811;34;44,388;46,91;5,32;7,65;2015
18/07/2015;38,91375;52,56;30,71;6,335816623;35,57166667;43,848;46,93;12,66;7,64;2015
19/07/2015;31,15833333;41,47;21,42;5,871895233;31,40666667;29,436;33,45;1,36;8,02;2015
20/07/2015;44,07833333;56;24,24;9,46061845;29,97333333;51,018;56;12,59;11,9;2015
21/07/2015;51,17458333;66,71;28,78;12,21417138;32,86166667;61,28;66,71;15,23;9,84;2015
22/07/2015;46,1325;56,92;26,82;8,70643203;34,58;51,172;52,9;23,9;22,87;2015
23/07/2015;48,6075;58,67;30,52;9,032179789;34,94666667;53,112;55,93;11,95;9,95;2015
24/07/2015;44,38833333;56,91;20,79;10,02224381;29,50666667;47,97;51,28;8,32;13,57;2015
25/07/2015;19,705;25,22;14,69;2,835777633;17,48833333;21,758;23,89;7,27;4,21;2015
26/07/2015;16,82833333;24,44;6,47;4,684196063;17,165;20,274;21,55;11,95;6,21;2015
27/07/2015;25,34958333;32,67;14,18;6,153143756;16,26;29,548;31,34;12,18;6,16;2015
28/07/2015;26,8325;35,3;10,54;7,131543677;16,15666667;32,232;34,04;9,87;6,48;2015
29/07/2015;28,4;37,93;15,5;7,09854731;17,655;29,898;31,51;1,11;8,37;2015
30/07/2015;31,53541667;48,64;14,07;9,368645663;19,72666667;43,118;48,64;25,21;11,41;2015
31/07/2015;31,64791667;39,66;19,13;6,740384442;22,15666667;36,46;39,66;14,8;13,06;2015
01/08/2015;25,59291667;32,86;18,53;3,795986988;21,95666667;29,688;32,86;7,9;7,12;2015
02/08/2015;19,345;29,95;12,24;5,14255477;19,14;23,146;25,81;7,04;5,99;2015
03/08/2015;32,02541667;41,71;14,09;8,172611726;21,23333333;37,692;40,03;12,54;12,77;2015
04/08/2015;37,07208333;49,01;21,98;7,227182973;26,58666667;40,27;41,31;9,45;9,33;2015
05/08/2015;35,69041667;46,61;23,47;6,690750578;27,03666667;42,378;46,61;10,14;11,29;2015
06/08/2015;36,60291667;48,92;23,02;7,328236326;26,22;44,282;48,92;11,71;8,62;2015
07/08/2015;35,72875;43,97;25,28;5,931603136;27,605;41,644;43,97;10,02;7,98;2015
08/08/2015;27,71833333;32,85;23,04;3,090644602;25,10666667;30,516;31,95;6,71;4,29;2015
09/08/2015;27,67583333;39,97;21,43;6,14699638;24,79166667;34,43;37,92;14,07;7,23;2015
10/08/2015;33,665;41,46;20,91;6,678092672;25,17;38,684;41,46;14,58;8,49;2015
11/08/2015;37,29958333;48,03;24,99;6,760648592;27,64;40,492;42,15;12,94;8,53;2015
12/08/2015;35,915;45,95;25,27;6,859340189;27,945;43,446;45,95;15,62;6,65;2015
13/08/2015;31,70541667;39,19;16,37;6,071373299;22,93166667;34,636;36,93;7,34;6,49;2015
14/08/2015;30,00541667;38,45;12,65;6,794715324;20,71333333;34,914;35,55;9,65;9,71;2015
15/08/2015;26,57416667;33,74;19,39;4,090146077;23,27166667;27,426;28,55;3,71;5,19;2015
16/08/2015;25,685;39,35;17,97;4,949512053;24,59833333;22,848;24,3;1,27;7,99;2015
17/08/2015;38,93708333;51;22,3;9,807077072;24,79166667;43,916;45,06;14,94;15,08;2015
18/08/2015;35,56125;45,11;17,31;8,009274142;24,88833333;43,556;45,11;14,34;6,34;2015
19/08/2015;38,34583333;45,98;23,47;7,290729025;27,26;42,4;44,94;9,58;7,2;2015
20/08/2015;33,5225;42,3;15,71;7,090597111;24,04166667;39,352;42,3;12,33;7,34;2015
21/08/2015;30,5125;38,47;22,09;3,993236946;28,32666667;31,504;32,77;3,08;4,79;2015
22/08/2015;30,78;40,72;18,93;5,671918623;25,72666667;38,156;40,72;8,82;14,48;2015
23/08/2015;19,53041667;32,83;10,28;6,740595045;19,05666667;24,056;30,98;5,07;5,13;2015
24/08/2015;32,44666667;47,39;14,94;10,05575183;18,05166667;34,26;38,91;8,29;9,94;2015
25/08/2015;32,23;45,85;11,51;9,912548043;18,24333333;36,41;39,78;10,37;8,55;2015
26/08/2015;32,17958333;44,66;17,82;7,406213889;21,8;41,224;44,66;11,41;7,58;2015
27/08/2015;36,72583333;43,82;20,82;7,645977582;25,84833333;41,982;43,05;11,24;5,86;2015
28/08/2015;43,52791667;51,78;28,12;7,114772128;33,51333333;48,724;49,94;7,43;10,2;2015
29/08/2015;33,60791667;43,13;25,44;5,506584185;28,44666667;40,226;43,13;10,53;6,21;2015
30/08/2015;27,16041667;40,99;20,48;7,106504968;24,29666667;35,39;40,99;12,72;8,03;2015
31/08/2015;40,33291667;52,48;21,88;8,198197829;27,81666667;44,12;46,61;2,1;13,15;2015
01/09/2015;42,43166667;51,99;24,03;8,330056979;29,56833333;45,886;47,93;4,4;12,6;2015
02/09/2015;41,41875;55,1;26,86;7,508445281;30,45666667;50,386;55,1;10,93;8,92;2015
03/09/2015;41,96958333;52,02;26,65;7,660618932;30,18833333;46,394;49,1;3,49;11,95;2015
04/09/2015;37,20791667;47,98;26,08;6,301470483;28,94166667;39,064;42,44;0,21;9,07;2015
05/09/2015;28,65833333;34,39;17,45;4,270267955;23,415;31,012;32,36;4,77;10,38;2015
06/09/2015;17,6775;36,45;4,17;10,39467433;14,44;27,764;36,45;14,65;9,58;2015
07/09/2015;37,27958333;47,71;15,04;9,832389014;22,745;44,31;47,71;11,87;12,26;2015
08/09/2015;38,27458333;47,08;21,88;7,68019643;26,795;44,51;47,08;4,99;12,42;2015
09/09/2015;37,73958333;45,99;25,49;6,215990235;29,15;43,564;45,66;4,6;10,76;2015
10/09/2015;38,64083333;47,03;25,02;6,595684964;28,44666667;42,666;45,01;3,1;11,18;2015
11/09/2015;39,45875;48,51;23,29;7,50946146;28,64833333;45,49;48,51;11,51;11,79;2015
12/09/2015;34,54916667;41,53;25,01;5,94757672;27,92;38,92;41,3;11,29;6,33;2015
13/09/2015;28,66208333;42,11;20;6,424492522;25,61;34,818;42,11;4,66;6,56;2015
14/09/2015;37,24833333;48,58;17,46;10,08676949;21,465;41,332;43,88;3,26;12,85;2015
15/09/2015;37,35708333;48,63;12,86;11,66975521;19,54666667;44,956;48,63;12,22;13,53;2015
16/09/2015;36,69666667;52,19;14,73;10,68124104;21,42166667;38,562;41,79;-0,34;14,42;2015
17/09/2015;36,23;48,96;11,32;11,84512338;17,915;42,746;45,14;15,89;12;2015
18/09/2015;38,22416667;51,16;19,68;9,563095695;24,065;46,124;48,9;11,74;12,01;2015
19/09/2015;30,85791667;44,8;20,52;6,709568754;23,88666667;38,906;44,8;11;8,17;2015
20/09/2015;24,11791667;38,03;12,06;7,538006298;20,10666667;32,37;38,03;9,12;8,79;2015
21/09/2015;40,19666667;52,48;22,34;9,521126471;26,51;48,426;52,48;4,48;16,45;2015
22/09/2015;42,765;58;16,15;10,74693647;27,92166667;45,404;52,04;2,47;13,49;2015
23/09/2015;47,94791667;63,72;27,71;10,27451384;33,27333333;52,816;57,49;3,32;14,67;2015
24/09/2015;44,98458333;57,51;25,64;8,845733425;32,595;51,446;55,84;14,53;16,21;2015
25/09/2015;45,45833333;55,99;29,81;7,819716812;34,355;50,21;55,06;6,06;11,2;2015
26/09/2015;38,6125;50,66;30,93;5,696376613;33,855;44,824;50,66;11,49;8,32;2015
27/09/2015;33,42375;50,84;18,95;8,207281397;30,77666667;43,214;50,84;10,26;10,46;2015
28/09/2015;44,66541667;57,12;25,05;9,076969892;31,39166667;49,878;57,12;4,2;11,64;2015
29/09/2015;42,15791667;57,18;27,8;8,451805559;31,56833333;44,18;51,64;-0,49;9,65;2015
30/09/2015;41,59333333;58;27;9,028655187;30,46166667;49,838;58;7,07;12,38;2015
01/10/2015;42,97208333;61;29,14;8,996684887;34,33833333;51,4;61;6,6;12,1;2015
02/10/2015;46,06375;60;31,39;7,689479438;35,11666667;48,878;55;3,42;10,24;2015
03/10/2015;38,09166667;47,01;26,9;5,427340342;32,50333333;41,796;47,01;7,49;6,71;2015
04/10/2015;36,28875;50,75;25,44;6,444580677;32,275;43,218;50,75;7,48;8,68;2015
05/10/2015;41,1425;53,01;26,02;8,898853981;29,09333333;45,246;51,75;2,93;12,58;2015
06/10/2015;39,43416667;50,1;23,66;8,866895401;26,13833333;42,96;48,08;6,97;10,52;2015
07/10/2015;42,37208333;56,56;23,45;9,745589406;27,78;49,948;56,56;15,28;13,38;2015
08/10/2015;48,3925;72,7;29,92;11,14150573;32,84;56,754;72,7;9,5;16,71;2015
09/10/2015;45,52458333;61,04;30,13;9,134630227;33,25333333;48,398;55,44;2,94;13,83;2015
10/10/2015;37,96375;52,37;29,74;6,02253075;32,62333333;42,544;52,37;8,26;9,4;2015
11/10/2015;31,00375;50,73;16,64;8,926688764;26,545;41,462;50,73;13,89;11,99;2015
12/10/2015;45,06958333;66,87;23,68;10,32557209;30,285;54,56;66,87;9,88;13,62;2015
13/10/2015;46,39208333;61,89;28,87;9,081298499;33,59833333;53,226;61,89;9,9;12,31;2015
14/10/2015;52,0425;70,58;33,62;10,85996927;37,18;57,312;68,76;10,23;13,59;2015
15/10/2015;53,13375;72,18;31,06;10,70267777;38,26333333;60,468;72,18;11,49;14,4;2015
16/10/2015;55,65708333;78,63;37,73;11,27315838;41,15833333;61,938;78,63;8,5;18,76;2015
17/10/2015;43,57;55,99;35,27;4,990698304;39,17833333;49,006;55,99;8,82;7,19;2015
18/10/2015;40,88583333;56,05;30,91;6,178693345;36,52333333;48,276;56,05;10,59;8,61;2015
19/10/2015;54,64333333;83,53;32,34;12,2533987;37,505;63,522;83,53;11,42;23,36;2015
20/10/2015;53,35458333;78,61;37,64;10,40553614;39,75833333;60,438;78,61;14,04;18,19;2015
21/10/2015;51,82041667;73,96;36;9,935919239;38,595;59,538;73,96;12,19;16,11;2015
22/10/2015;49,14291667;64,29;27,92;8,723879013;36,68833333;55,652;64,29;11,58;11,24;2015
23/10/2015;50,155;64,84;37,01;8,263479107;39,215;54,162;62,19;6,36;11,36;2015
24/10/2015;39,28833333;48,76;30,34;5,012044334;35,76833333;41,304;48,76;10,09;7,17;2015
25/10/2015;36,39625;53,93;23,96;8,841936052;27,695;48,638;53,93;26,58;11;2015
26/10/2015;47,54333333;59,76;31,09;8,33509222;35,025;55,668;59,76;14,79;9,08;2015
27/10/2015;45,83166667;57,01;28,5;8,882630176;32,385;54,708;57,01;17,41;8,59;2015
28/10/2015;49,47708333;72,41;29,08;12,35042597;31,94333333;61,374;72,41;33,94;11,78;2015
29/10/2015;50,89125;78,88;33,38;10,96130796;36,07;62,464;78,88;33,86;14,37;2015
30/10/2015;45,33083333;55;34,02;6,942217361;35,24;50,892;53,71;10,71;9,11;2015
31/10/2015;36,91458333;50,03;28,16;6,286318463;29,53166667;45,702;50,03;19,34;5,49;2015
01/11/2015;30,83083333;50,34;24,14;7,578079323;26,60666667;42,61;50,34;18,67;14,23;2015
02/11/2015;42,56666667;67,74;22,24;12,00662812;26,31;55,486;67,74;28,63;11,27;2015
03/11/2015;45,63916667;67,19;29,84;9,53073286;32,16833333;56,058;67,19;27,22;10,18;2015
04/11/2015;46,29625;64,1;29,59;9,609322834;33,79333333;56,582;64,1;19,48;12,38;2015
05/11/2015;46,19875;69,01;29,12;9,911763022;33,805;53,428;69,01;27,01;12,82;2015
06/11/2015;39,61666667;47,42;26,76;5,740020956;31,865;42,594;47,42;5,58;8,16;2015
07/11/2015;33,67125;45,21;22,86;6,08272487;27,815;39,15;45,21;19,44;9,02;2015
08/11/2015;30,60458333;48,4;20,9;6,422048961;25,685;39,08;48,4;22,61;12,65;2015
09/11/2015;37,45833333;53,24;19,03;10,64375329;22,52333333;45,686;53,24;14,2;15,09;2015
10/11/2015;41,00041667;55,27;21,52;10,18505874;27,1;49,008;55,27;21,03;15,3;2015
11/11/2015;36,63541667;52,57;23,46;7,04683955;28,73666667;45,206;52,57;19,29;10,4;2015
12/11/2015;46,26208333;69,49;23,41;13,0820461;29,18333333;56,772;69,49;22,86;17,09;2015
13/11/2015;38,54;48,65;25,35;6,179179628;32,025;43,06;48,65;10,5;8,57;2015
14/11/2015;39,39916667;47,3;27,99;5,408511743;33,91833333;43,53;47,3;12,5;12,37;2015
15/11/2015;33,35875;52,56;20,76;8,913792104;26,83833333;43,698;52,56;17,82;12,9;2015
16/11/2015;37,57375;60,84;20,53;10,90943023;23,055;49,426;60,84;27,88;13,44;2015
17/11/2015;35,66708333;43,29;21,4;7,106010609;27,05166667;38,47;43,29;12,89;12,14;2015
18/11/2015;42,81041667;56,82;23,17;9,832212135;30,49333333;49,676;56,82;18,75;15,14;2015
19/11/2015;41,07958333;53,95;22,21;10,10220229;26,90166667;44,282;50,82;12,43;10,02;2015
20/11/2015;39,80666667;51,66;24,17;8,974651582;26,02;44,866;51,66;9,97;15,59;2015
21/11/2015;33,26458333;44,98;22,25;7,596663443;25,03833333;43,254;44,98;21,7;9,83;2015
22/11/2015;37,14958333;59,64;22,6;10,21301662;28,815;49,222;59,64;28,65;12,26;2015
23/11/2015;64,77;123,46;33,42;22,41194344;39,43333333;95,946;123,46;71,61;38,72;2015
24/11/2015;60,28833333;112,46;41,44;14,99667577;43,70333333;73,772;112,46;56,4;44,87;2015
25/11/2015;55,47416667;93,43;31,29;13,96242315;37,78833333;68,352;93,43;44,12;29,57;2015
26/11/2015;57,31375;98,95;30,29;16,92928716;34,45333333;76,19;98,95;46,67;18,79;2015
27/11/2015;53,94166667;67,73;34;11,00415047;37,21;63,326;67,73;21,44;14,44;2015
28/11/2015;37,06041667;50,01;24,97;6,548159701;31,11166667;38,796;45,43;10,44;7,72;2015
29/11/2015;30,77958333;46,03;9,9;10,38178567;24,5;42,166;46,03;32,1;13,13;2015
30/11/2015;37,41;54,67;9,39;12,76687051;18,005;47,344;54,67;12,38;20,41;2015
01/12/2015;45,59166667;72,5;22,04;13,25867482;28,095;61,25;72,5;24,76;23,79;2015
02/12/2015;53,60208333;78,69;33,3;12,01503152;38,1;67,75;78,69;32,41;13,99;2015
03/12/2015;45,37666667;64,12;29,08;10,03869369;31,995;51,89;64,12;21,19;13,17;2015
04/12/2015;38,09833333;49,09;17,33;9,201827166;26,715;43,032;49,09;12,9;11,24;2015
05/12/2015;36,95541667;51,31;19,01;9,119144687;30,05333333;48,62;51,31;24,72;13,59;2015
06/12/2015;31,3575;53,36;10,11;12,1717282;21,73833333;44,434;53,36;36,67;17,83;2015
07/12/2015;40,90708333;52,85;22,72;10,22243248;24,89166667;47,402;52,85;10,77;13,03;2015
08/12/2015;37,8825;54,83;24,62;9,794939798;26,085;50,668;54,83;23,9;16,44;2015
09/12/2015;51,96375;73,54;27,98;13,22747661;36,08833333;62,164;73,54;26,96;16,71;2015
10/12/2015;50,6375;73,1;29,6;9,45676305;38,44833333;60,328;73,1;25,17;11,88;2015
11/12/2015;46,16416667;60,59;33,97;7,002414439;38,07166667;48,572;53,64;7,39;10,05;2015
12/12/2015;38,43708333;48,87;30,06;5,664343455;36,885;38,048;42,96;0,77;9,72;2015
13/12/2015;37,73416667;49,88;24,5;6,539607033;30,98833333;45,126;49,88;18,89;7,42;2015
14/12/2015;48,60666667;69,81;27,45;12,46085476;31,00166667;58,886;69,81;28,55;12,3;2015
15/12/2015;44,51916667;55,25;29,11;9,01258681;33,205;46,602;55,25;12,84;9,4;2015
16/12/2015;37,74416667;45,64;23,1;7,095498828;27,195;40,978;45,47;3,49;11,66;2015
17/12/2015;33,6825;41,4;19,55;7,38142513;22,61333333;37,592;41,4;8,8;9,35;2015
18/12/2015;34,79583333;43,01;21,88;6,523669891;25,77;38,472;42,43;5,84;8,37;2015
19/12/2015;29,03125;39,37;19;5,986390589;21,78833333;32,734;39,37;16,86;6,36;2015
20/12/2015;20,66541667;35,23;7,75;8,004834941;14,00333333;31,636;35,23;24,76;6,93;2015
21/12/2015;33,01541667;44,89;12,68;9,943639426;18,88166667;38,142;41,36;13,96;14,12;2015
22/12/2015;29,88875;41,61;6,4;10,60326911;14,36833333;36,61;41,04;17,19;19,28;2015
23/12/2015;30,53791667;44,95;1,96;12,93872885;11,19166667;39,648;44,95;18,19;12,09;2015
24/12/2015;22,25833333;30,52;10,5;6,006979757;15,62;23,962;26,37;11,84;10,74;2015
25/12/2015;18,01458333;29,94;4,77;7,038456463;11,29333333;27,374;29,94;21,43;7,44;2015
26/12/2015;14,96291667;26,85;0,28;7,057156392;6,516666667;22,102;26,85;17,79;5,01;2015
27/12/2015;18,87583333;35,71;3,48;10,45715312;11,505;33,55;35,71;29,05;9,48;2015
28/12/2015;30,57791667;43,38;13,94;8,651818597;18,52;36,05;43,38;17,38;8,11;2015
29/12/2015;33,74708333;55,86;14,06;11,47517755;18,61166667;46,236;55,86;28,68;10,19;2015
30/12/2015;29,76583333;39,26;14,46;7,444100037;20,21166667;36,062;39,26;15,09;14,06;2015
31/12/2015;24,0073913;40,25;4,65;10,06776278;8,93;34,43;40,25;25,31;8,53;2015
31/12/2015;23,86;23,86;23,86;;23,86;;#NAME?;;;2016
01/01/2016;23,81958333;35,34;15,86;5,804144306;19,40333333;31,122;35,34;17,25;8,54;2016
02/01/2016;23,0925;42,23;11,27;8,585398246;14,58666667;34,558;42,23;29,61;13,56;2016
03/01/2016;17,75916667;27,23;4,14;6,56871367;12,33333333;24,728;27,23;22,62;6,24;2016
04/01/2016;28,69833333;42,95;5;11,52600752;11,755;38,344;42,95;23,84;12,33;2016
05/01/2016;33,94333333;42,94;20;7,384570675;23,06833333;40,214;42,94;13,98;9,36;2016
06/01/2016;35,11208333;46,9;22,5;7,58356861;24,53833333;41,628;46,9;20,28;12,3;2016
07/01/2016;34,68583333;42,97;22,32;7,183950661;24,04166667;38,912;42,1;9,8;11,47;2016
08/01/2016;31,90916667;46,97;15;9,143936892;19,11333333;39,638;46,97;21,76;11,25;2016
09/01/2016;28,73875;37,12;15,58;5,883296409;22,75333333;32,56;36,99;13,73;13,42;2016
10/01/2016;21,22375;35;9,85;6,867245389;15,395;30,426;35;25,15;8,42;2016
11/01/2016;32,76791667;45,93;19,36;8,656801287;20,32;36,688;42,88;14,38;13,11;2016
12/01/2016;31,62083333;46,99;13,78;9,413792802;18,27;40,582;46,99;22,61;11,54;2016
13/01/2016;36,70666667;50,07;15,76;11,21244792;19,805;43,66;50,07;20,19;16,95;2016
14/01/2016;39,68833333;54,1;22,03;10,54977629;24,89666667;47,434;54,1;20,92;11,23;2016
15/01/2016;39,26375;49,98;22,94;8,667022362;26,31666667;46,396;49,98;14,64;9,29;2016
16/01/2016;35,5425;52,56;24,08;7,886671337;27,81333333;45,17;52,56;24,73;9,73;2016
17/01/2016;36,00625;51,81;24,36;6,86475929;30,43333333;45,302;51,81;20,2;8,35;2016
18/01/2016;47,86541667;73,07;23,51;11,97257917;31,34;61,786;73,07;33,77;12,89;2016
19/01/2016;54,55791667;90,08;31,83;14,48008377;36,26333333;70,424;90,08;46,61;20,01;2016
20/01/2016;59,2925;127,65;33,49;22,37163601;37,21333333;90,48;127,65;85,61;31,17;2016
21/01/2016;59,3775;95,95;36,62;18,86725303;38,57333333;75,352;95,95;52,04;31,53;2016
22/01/2016;42,76166667;53,1;33,26;6,488747897;35,85333333;45,172;53,1;13,3;9,46;2016
23/01/2016;33,40416667;42,6;22,68;5,523185846;26,96166667;38,188;42,6;10,44;7,27;2016
24/01/2016;31,19625;36,59;21,41;4,696145332;29,07833333;35,352;36,59;14,68;9,14;2016
25/01/2016;31,50208333;42,75;20,33;6,444095362;24,90333333;33,974;38,47;5,13;9,23;2016
26/01/2016;31,06583333;43,14;17,48;6,977686122;22,2;34,026;40,93;11,89;9,93;2016
27/01/2016;27,01416667;36,59;12,2;7,01050821;17,125;31,486;36,59;9,8;9,14;2016
28/01/2016;30,78541667;51,78;12,95;10,22873743;17,825;40,174;51,78;28,37;12,73;2016
29/01/2016;28,81833333;40,1;16,03;6,93223765;19,59666667;31,204;37,74;9,47;11,83;2016
30/01/2016;18,83791667;28,37;8,52;4,587240318;14,43666667;23,182;28,37;14,5;7,44;2016
31/01/2016;16,55916667;26,28;4,71;6,202868843;10,17833333;23,02;26,28;19,6;7,11;2016
01/02/2016;23,495;37,99;4,57;9,036132782;12,175;27,942;33,53;9,6;11,97;2016
02/02/2016;23,36666667;35,96;4,06;9,527823633;8,91;29,654;35,96;14,84;11,6;2016
03/02/2016;24,57291667;36,69;10,27;8,095795194;13,17;31,876;36,69;15,28;11,84;2016
04/02/2016;26,94541667;42,18;14,33;7,062009185;17,60833333;35,038;42,18;19,75;9,53;2016
05/02/2016;28,53208333;38,4;18,42;6,157554554;21,01666667;29,538;33,09;4,77;9,95;2016
06/02/2016;16,61708333;23,15;8,72;2,936761717;13,925;19,144;23,15;7,95;7,1;2016
07/02/2016;13,58958333;49,03;3,04;9,193989284;7,33;24,876;49,03;21,44;29,47;2016
08/02/2016;20,01416667;33,28;2,97;8,235991488;8,191666667;26,438;33,28;16,09;9,5;2016
09/02/2016;24,18791667;39,98;6,04;8,463574627;11,815;32,23;39,98;21,48;9,76;2016
10/02/2016;28,0875;41,91;13,85;8,301645856;16,15;37,374;41,91;16,44;7,79;2016
11/02/2016;32,09958333;43,83;18,6;7,875138359;20,93666667;37,752;42;12,39;8,57;2016
12/02/2016;28,63958333;40,36;19,86;6,015757193;21,21833333;33,378;40,36;13,18;9,25;2016
13/02/2016;22,96208333;30,36;13,06;4,39875079;19,03166667;24,406;30,1;10,2;8,04;2016
14/02/2016;16,33166667;30,38;6,41;6,719849032;9,58;25,414;30,38;22,66;8,73;2016
15/02/2016;26,50125;40,13;12,68;7,860588158;16,16833333;34,636;40,13;12,85;10,82;2016
16/02/2016;35,38166667;53,46;21,83;8,901128246;24,27;46,362;53,46;24,07;13,65;2016
17/02/2016;39,38416667;60,13;26,62;8,410171335;28,675;48,554;60,13;24,03;18,69;2016
18/02/2016;37,18791667;53,17;19,89;9,207126719;24,15166667;45,552;53,17;21,25;12,47;2016
19/02/2016;32,83833333;45,5;18,3;8,113287902;23,73;34,614;42,35;10,05;12,31;2016
20/02/2016;19,25083333;24,64;12,73;3,241397869;15,4;21,326;24,64;8,83;4,52;2016
21/02/2016;12,32958333;22,78;5,21;5,031545254;9,338333333;18,486;22,78;11,73;7,24;2016
22/02/2016;22,85375;40,13;3,23;10,00608546;9,523333333;32,314;40,13;22,08;12,2;2016
23/02/2016;30,08958333;42,3;17,47;6,762751871;20,62166667;33,496;42,3;9,43;7,35;2016
24/02/2016;29,7575;45,02;17,82;7,09182153;20,98166667;38,396;45,02;15,61;9,3;2016
25/02/2016;29,7825;47;19,94;7,052557507;21,835;38,084;47;12,72;8,85;2016
26/02/2016;28,22833333;39,94;20;5,449167201;22,35666667;33,8;39,94;12,59;7,04;2016
27/02/2016;22,94541667;32,04;19,65;3,49553999;20,74;27,276;32,04;10,86;7,07;2016
28/02/2016;18,39125;26,98;12,21;3,412109271;18,22666667;22,506;26,98;7,09;5,85;2016
29/02/2016;28,01583333;42,78;17;7,382354942;19,105;36,02;42,78;5,8;9,21;2016
01/03/2016;31,53083333;41,76;22,46;5,714269642;24,38333333;33,394;37,24;-2,98;10,59;2016
02/03/2016;26,28666667;41,19;13,54;7,302740204;16,17166667;34,586;41,19;18,55;9,13;2016
03/03/2016;29,65791667;42,92;17,93;6,909964437;20,18833333;37,722;42,92;18,13;9,86;2016
04/03/2016;30,15583333;38,57;18,99;5,858720677;21,94833333;34,908;38,57;7,07;6,74;2016
05/03/2016;23,8425;35;18,88;4,447474369;19,86666667;29,448;35;14,86;8,1;2016
06/03/2016;21,82208333;31,62;18,23;4,251475426;20,10333333;27,278;31,62;10,28;8,36;2016
07/03/2016;33,07291667;50;20,02;9,301684036;21,70833333;40,072;50;14,02;13,77;2016
08/03/2016;32,37958333;50,6;21,67;8,166698273;22,64833333;39,416;50,6;17,49;11,83;2016
09/03/2016;28,245;50,78;20,01;7,393037853;23,41166667;35,632;50,78;13,82;12,01;2016
10/03/2016;31,16708333;45,09;24,56;6,642948193;26,635;35,714;44,98;7,01;9,65;2016
11/03/2016;29,61458333;38,34;21,75;4,763588325;24,94166667;31,742;35,69;2,55;5,7;2016
12/03/2016;27,74833333;36,97;22,96;3,844520286;25,09333333;32,66;36,97;8,64;7,02;2016
13/03/2016;22,70291667;33,55;15,71;4,488434877;21,87166667;27,622;33,55;4,97;7,47;2016
14/03/2016;27,85708333;47,92;19,99;6,940198268;21,82333333;36,078;47,92;7,66;10,29;2016
15/03/2016;30,01083333;43,59;20,74;7,022453378;22,52;30,736;35,44;-3,47;9,81;2016
16/03/2016;28,82583333;41,36;20,06;5,997204361;22,345;34,588;41,36;5,6;6,68;2016
17/03/2016;30,28291667;46,69;22,45;6,936054811;25,50833333;37,232;46,69;4,91;8,78;2016
18/03/2016;31,19291667;45;23,46;6,065710811;29,21;32,422;39,3;-1,86;7,17;2016
19/03/2016;26,68125;35,42;20,93;3,811122524;26,42166667;29,676;35,42;1,57;7,21;2016
20/03/2016;21,07375;31,63;13,96;5,271830647;21,70666667;26,584;31,63;5,22;7,23;2016
21/03/2016;32,55083333;41,22;21;5,814198451;25,195;35,006;40,2;2,36;6,26;2016
22/03/2016;33,12166667;40,64;25,69;4,41126588;27,69;36,506;40,64;3,71;5,43;2016
23/03/2016;30,06;37,16;22,42;4,752802377;24,72;33,472;37,16;3,24;7,8;2016
24/03/2016;28,99166667;35,18;21,38;4,55961351;22,77166667;32,862;35,18;0,98;8,41;2016
25/03/2016;26,8275;33,08;20;4,171006812;22,27;30,61;33,08;6,13;6,33;2016
26/03/2016;18,96791667;24,32;10,3;3,42691391;19,29;18,62;22,12;-2,38;14,02;2016
27/03/2016;11,45;22,86;5,44;5,418886457;8,685;16,82;22,86;8,47;8,45;2016
28/03/2016;9,931666667;20,8;1,7;5,334492084;8,726666667;14,772;20,8;3,84;6,24;2016
29/03/2016;27,64125;39,54;8,3;8,493450322;15,25333333;33,102;39,54;5,17;11,86;2016
30/03/2016;29,755;38,4;19,92;6,027348541;21,37166667;34,276;37,44;2,3;7,95;2016
31/03/2016;28,2075;40,96;20,98;5,445028247;21,85666667;28,686;31,99;-1,64;7,01;2016
01/04/2016;32,32291667;40,44;20,64;5,956810847;24,995;35,312;37,96;3,44;7,95;2016
02/04/2016;25,67541667;30,43;16,6;4,568888152;25,41666667;26,452;30,43;-5,37;11,43;2016
03/04/2016;16,41875;25,01;6,63;5,005485089;16,87666667;18,5;25,01;1,88;4,62;2016
04/04/2016;28,86875;36,1;18,72;5,880639061;19,86666667;33,792;36,1;3,86;8,71;2016
05/04/2016;27,08375;35,18;20,31;4,778926396;21,185;29,108;30,66;1,95;6,05;2016
06/04/2016;26,45875;39,01;16;6,221449791;19,005;25,886;29,02;-2,21;6,97;2016
07/04/2016;24,54125;32,68;13,05;5,691057297;17,16;28,904;32,68;5,97;5,86;2016
08/04/2016;28,73166667;38,2;20,52;5,076499707;22,84833333;30,29;32,22;0,46;7,4;2016
09/04/2016;23,85583333;31,81;19,94;3,426627086;21,62333333;28,034;31,81;4,49;4,64;2016
10/04/2016;17,37666667;23;4,91;5,035939243;17,805;17,616;23;-3,22;9,74;2016
11/04/2016;24,34916667;34,61;10,66;6,37315833;16,49666667;29,384;32,01;2,98;8,57;2016
12/04/2016;28,25458333;38,94;21,05;5,342631642;21,80333333;30,458;32,24;0,86;7,02;2016
13/04/2016;27,90083333;39,41;21,41;4,786814241;22,43666667;28,858;31,31;1;7,77;2016
14/04/2016;26,74625;37,28;20,94;4,516059087;21,78833333;28,538;31,53;0,25;5,26;2016
15/04/2016;25,14291667;34,7;19,7;4,474836387;20,50166667;24,82;26,42;-1,55;6,69;2016
16/04/2016;18,86625;24,31;12,69;3,22167228;18,42333333;20,402;24,31;-1,77;4,36;2016
17/04/2016;18,92208333;30,16;12,26;5,369517005;17,55333333;21,938;29,65;2,85;5,21;2016
18/04/2016;26,34791667;41,51;18,9;6,409277229;20,04833333;25,4;29,22;-6,81;9,4;2016
19/04/2016;24,70583333;37,56;17,84;5,510916373;19,135;25,116;30,5;-3,87;7,15;2016
20/04/2016;24,7675;32,16;17,33;4,862857677;19,41;28,808;32,16;1,48;5,76;2016
21/04/2016;26,83666667;35,38;19,58;5,049558454;20,51833333;31,008;32,34;1,64;7,99;2016
22/04/2016;26,60791667;34,61;19,32;4,270070745;21,97833333;28,988;30,94;0,99;5,14;2016
23/04/2016;22,055;27,29;15,96;3,227927051;19,75333333;22,97;27,19;0,02;5,51;2016
24/04/2016;15,77208333;27,87;6,61;6,119235516;16,22166667;18,23;24,37;0,6;8,6;2016
25/04/2016;27,29166667;34,48;20,23;4,55640368;20,985;29,614;31,46;-0,61;7,92;2016
26/04/2016;29,77875;40,4;20,62;5,553725199;23,91666667;30,296;34,55;-0,99;7,18;2016
27/04/2016;32,59583333;41,4;22,04;6,043512452;24,325;34,948;40,69;1,38;7,54;2016
28/04/2016;34,27041667;62,53;23,28;9,827929801;24,76166667;35,232;38,43;3,09;15,63;2016
29/04/2016;30,53666667;37,03;22,35;4,804104827;25,81166667;32,496;35,64;4,02;4,81;2016
30/04/2016;24,64208333;29,4;19,81;2,738744522;23,84166667;25,402;28,53;0,8;9,59;2016
01/05/2016;19,02541667;26,35;13,54;3,905847321;18,82833333;22,29;25,74;3,71;5,64;2016
02/05/2016;28,84291667;36,17;19,94;5,139286433;21,68833333;33,538;35,79;1,88;7,65;2016
03/05/2016;29,36625;36,48;21,37;4,872430705;22,48666667;30,054;32,8;-1,88;7,13;2016
04/05/2016;27,64875;35,97;21,69;4,619688784;22,48666667;30,138;32,9;-2,51;7,88;2016
05/05/2016;19,53583333;25,79;11,32;3,922473617;20,15166667;22,318;24,87;0,72;4,71;2016
06/05/2016;23,48458333;30,99;16,63;5,269069697;18,71666667;27,936;30,94;4,22;6,4;2016
07/05/2016;14,77125;21,43;5,97;4,413499363;14,155;18,958;21,43;2,13;4,22;2016
08/05/2016;7,467083333;20,12;-10,69;8,00086217;8,061666667;14,362;20,02;7,49;13,33;2016
09/05/2016;26,05583333;34,69;9,57;7,427820745;15,08;29,08;31,46;-1,45;14,39;2016
10/05/2016;30,07541667;39,39;19,33;6,314873388;20,55166667;31,872;32,5;3,43;6,94;2016
11/05/2016;27,70875;39,6;17,89;6,016779662;19,73666667;28,476;31,32;-1,45;7,12;2016
12/05/2016;26,885;34,36;13,02;6,368729994;17,46833333;32,052;34,36;8,2;6,85;2016
13/05/2016;26,79416667;40,21;13,1;6,854235071;18,76333333;26,302;29;-1,7;8,07;2016
14/05/2016;14,05625;23,6;6,69;4,99193333;12,10666667;16,848;20,71;5,1;5,7;2016
15/05/2016;12,33458333;24,52;0,81;7,272402258;13,93833333;17,464;22,95;7,19;9,69;2016
16/05/2016;22,5925;32,41;15,57;5,407793289;20,01;26,194;31,97;6,31;4,53;2016
17/05/2016;31,17125;38;21,6;5,035187758;23,61333333;35,27;37,44;4,69;7,04;2016
18/05/2016;31,41208333;39,48;22,91;4,971462893;23,76666667;33,618;34,95;0,75;6,55;2016
19/05/2016;33,49333333;46;21,85;7,58064794;23,07;34,248;36,08;2,42;7,82;2016
20/05/2016;29,17916667;34,97;21,34;4,731214493;22,755;32,556;34,06;4,98;5,36;2016
21/05/2016;20,01125;27;11,19;4,247257235;18,84333333;22,732;26,28;3,87;10,57;2016
22/05/2016;11,84958333;27,9;2,19;9,436366047;11,45666667;20,724;26,11;19,14;14,16;2016
23/05/2016;30,79166667;39,15;17,02;6,586114951;20,52833333;33,714;36,61;4,44;7,36;2016
24/05/2016;30,06708333;37,09;20;5,269402639;22,31;31,454;32,38;4,25;7,38;2016
25/05/2016;31,51208333;39,2;21,02;5,608678042;22,85166667;35,77;36,76;4,88;7,93;2016
26/05/2016;29,71666667;35,27;23,27;4,348640634;23,61833333;34,468;35,27;7,85;5,28;2016
27/05/2016;30,36708333;37,38;20,61;4,75125016;23,5;32,714;33,42;5,03;5,11;2016
28/05/2016;23,51291667;29,7;12,4;4,056980543;19,75833333;23,46;26,42;-1,99;10,39;2016
29/05/2016;11,55583333;23,1;5,32;5,610968231;11,12666667;13,826;22,62;2,72;5,17;2016
30/05/2016;26,18375;35,5;11,28;7,387695889;15,64;26,816;28,99;2,58;8,78;2016
31/05/2016;28,51958333;35,92;8,09;8,213197481;16,20666667;33,632;35,92;10,42;8,41;2016
01/06/2016;30,78333333;41;20,08;6,775054414;21,19;31,242;32,92;2,76;7,59;2016
02/06/2016;28,30375;39,54;16,39;6,269180525;19,96833333;31,246;32,96;6,31;9,85;2016
03/06/2016;29,65333333;40,08;16,03;6,304311614;21,63833333;31,214;33,61;4,36;7,99;2016
04/06/2016;25,21625;30,99;21,26;3,616132708;21,985;28,66;30,07;6,66;3,99;2016
05/06/2016;19,59125;30,74;10,22;6,254132069;19,41666667;25,286;29,14;10,58;6,51;2016
06/06/2016;30,65666667;41,06;15,61;6,92413904;20,59333333;37,526;41,06;14,75;8,01;2016
07/06/2016;29,86916667;39,48;18,66;5,761965182;22,03333333;34,63;38,48;11,08;9,85;2016
08/06/2016;28,98083333;41,31;19,63;5,567569071;21,81666667;31,298;32,9;3,07;7,46;2016
09/06/2016;30,345;44;14,87;8,147486142;19,44666667;32,392;34,94;6,05;9,25;2016
10/06/2016;28,99375;35,95;18,27;5,062315858;21,75333333;30,834;32,85;2,76;6,69;2016
11/06/2016;25,48291667;30,94;17,34;4,278948956;22,11833333;28,05;29,47;11,15;7,06;2016
12/06/2016;21,07375;30,81;8,58;5,895862818;17,49333333;25,866;29,03;15,84;5,7;2016
13/06/2016;29,05583333;39,24;10,75;7,51910605;18,31166667;31,026;32,24;7,34;7,41;2016
14/06/2016;30,56625;39;21,88;5,371298776;23,64666667;34,62;37,5;7,68;7,89;2016
15/06/2016;31,62708333;38,79;22,64;4,618849357;25,35;34,236;36,91;6,16;6,61;2016
16/06/2016;31,92916667;39,96;24;4,823848289;24,91833333;34,248;35,28;4,87;7,98;2016
17/06/2016;28,72958333;39,7;20,7;5,285318039;22,31;29,974;32,15;3,43;7,45;2016
18/06/2016;21,01666667;28;13,84;4,123298244;17,02833333;22,398;25,17;6,28;6,76;2016
19/06/2016;16,05125;32,27;5,54;7,155603649;15,93333333;19,604;25,23;4,18;7,04;2016
20/06/2016;29,20041667;34,96;15;6,094658017;19,79166667;32,552;34,96;4;8,98;2016
21/06/2016;33,54208333;43,73;21,23;6,727373658;23,81166667;35,264;37,44;5,4;9,19;2016
22/06/2016;33,61791667;42;22,97;5,981552786;24,68833333;37,798;39,8;8,14;10,02;2016
23/06/2016;33,00875;41,43;22,76;5,646648342;25,08166667;38,916;41,43;12,84;7,75;2016
24/06/2016;34,02125;43,59;23,66;6,046138051;25,865;34,312;35,53;3,12;5,43;2016
25/06/2016;24,38666667;30,46;12,78;4,293940793;20,42333333;24,578;27,26;1,35;13,53;2016
26/06/2016;14,5975;31,91;5,79;7,943300294;13,66833333;19,756;24,36;12,57;9,4;2016
27/06/2016;30,28208333;40,03;13,27;7,603437426;19,40666667;36,798;39,05;8,49;8,73;2016
28/06/2016;33,23875;41,98;22,14;6,680904854;23,39;38,236;41,74;10,41;10,64;2016
29/06/2016;29,19708333;38,99;12,09;7,294020469;19,13166667;34,292;38,99;8,88;8,33;2016
30/06/2016;31,16958333;39,86;19,82;6,080529496;22,94;33,826;38,28;7,62;8,33;2016
01/07/2016;29,20333333;35,78;20,19;5,159334863;21,72833333;31,574;33,95;5,59;6,74;2016
02/07/2016;21,0325;29,23;11,74;4,102807363;16,61166667;23,782;25,48;5,12;7,66;2016
03/07/2016;16,66708333;32,35;8,72;8,20231435;15,66666667;23,064;27,97;10,93;8,03;2016
04/07/2016;35,04208333;42,91;21,65;6,939610301;24,31666667;38,474;40,9;5,53;8,56;2016
05/07/2016;28,91333333;36,46;15,65;5,419755864;22,15166667;29,888;33,37;0,53;9,81;2016
06/07/2016;27,655;38,98;7,72;9,164920361;15,97166667;30,172;32,35;9,24;8,71;2016
07/07/2016;31,67666667;38,4;22,11;4,910338399;24,85666667;35,596;38,4;6,06;6,86;2016
08/07/2016;30,0425;39,16;21,94;5,402531814;23,65833333;28,144;29,79;-1,46;4,99;2016
09/07/2016;23,80625;30,63;16,42;4,799600357;20,55333333;27,804;30,63;8,4;5,92;2016
10/07/2016;18,42875;31,49;11,66;6,65676009;18,24333333;23,222;27,91;5,94;9,24;2016
11/07/2016;29,79458333;35,9;19,77;4,912486291;23,07833333;30,88;34,4;4,31;5,57;2016
12/07/2016;33,10708333;42,97;22,58;5,84306983;24,795;35,108;38,43;9,38;6,64;2016
13/07/2016;34,05583333;44,5;25;5,834526855;26,865;33,208;35,06;2,37;5,67;2016
14/07/2016;26,2075;32,05;20,65;4,048105569;22,45;27,178;29,86;1,95;5,36;2016
15/07/2016;27,4125;34,94;14,57;6,098690701;19,995;31,856;34,67;8,48;5,64;2016
16/07/2016;25,75625;33,06;21,79;3,811504111;22,96666667;30,068;33,06;8,29;4,92;2016
17/07/2016;24,44;40,38;17,54;6,763908698;23,30166667;28,312;33,37;4,8;7,61;2016
18/07/2016;36,04208333;43;22,61;7,245806571;25,285;40,868;42,87;12,34;5,63;2016
19/07/2016;38,1575;45;25,61;7,512652082;26,39666667;42,69;44;11;5,99;2016
20/07/2016;37,35833333;45,81;24,79;7,820747583;26,755;37,656;40,22;10,72;12,18;2016
21/07/2016;40,23083333;50;25,52;8,487542235;27,795;42,02;44,69;11,17;10,79;2016
22/07/2016;36,03583333;45,49;26,5;5,788161769;29,02666667;35,784;38,88;6,52;4,95;2016
23/07/2016;32,85083333;42,34;25,65;5,34796338;27,62666667;33,88;39,93;13,71;9,96;2016
24/07/2016;27,40958333;38,56;22,68;4,879538003;26,59833333;31,018;34,06;6,62;4,5;2016
25/07/2016;35,94083333;46,33;25,92;6,419086971;26,90833333;36,398;38,27;0,99;7,2;2016
26/07/2016;35,58833333;42,9;25,88;5,468138278;27,95166667;37,87;39,57;7,89;4,93;2016
27/07/2016;34,18833333;41,25;25,87;5,037094285;26,60666667;35,532;36,61;4,44;4,9;2016
28/07/2016;33,62083333;44,99;25,26;5,657128567;26,33166667;34,842;36,72;5,05;5,53;2016
29/07/2016;31,28166667;40,14;24,58;4,404283159;26,49666667;31,734;34,13;1,82;9,19;2016
30/07/2016;27,96708333;36,02;24,17;3,507341963;25,35833333;30,634;32,55;5,79;4,41;2016
31/07/2016;25,41208333;33,3;20,98;3,326019921;23,22;27,536;30,19;4,11;3,14;2016
01/08/2016;30,33583333;38,33;22,14;4,961442564;24,115;36,09;38,33;6,91;5,13;2016
02/08/2016;32,5275;38,09;24,27;4,832848876;25,13;34,408;35,94;5,49;4,53;2016
03/08/2016;29,72958333;35,02;22,43;4,330191761;23,25333333;31,41;33;5,46;4,76;2016
04/08/2016;30,00166667;35,54;19,42;5,122196936;22,78;34,3;34,9;9,09;4,52;2016
05/08/2016;31,91375;38,69;23,95;4,531126947;25,94;33,35;34,4;3,44;4,21;2016
06/08/2016;24,94458333;33,39;18,28;4,57429584;23,02833333;28,956;32,64;3,35;5,29;2016
07/08/2016;16,67208333;32,65;5,54;8,6856288;15,44;25,97;32,37;12,19;10,17;2016
08/08/2016;25,14541667;34,39;8,12;8,302599373;14,17833333;32,052;34,39;13,44;8,91;2016
09/08/2016;28,86166667;35,03;19,94;4,711861689;22,04833333;30,374;32,02;2,02;5,36;2016
10/08/2016;28,12041667;33,95;19,99;4,894243717;22,1;32,028;33,93;8,39;7,96;2016
11/08/2016;28,29125;35,11;18,57;5,148601594;21,93166667;34,13;35,11;10,13;7,22;2016
12/08/2016;27,95208333;35,25;19,9;5,043194277;20,94166667;28,434;29,13;0,16;4,95;2016
13/08/2016;20;29,08;12,59;5,12542766;18,36;25,694;29,08;8,64;5,38;2016
14/08/2016;22,01458333;32,3;15,96;5,483103675;20,49166667;28,032;32,3;8,69;6,77;2016
15/08/2016;27,97291667;35,88;21,01;4,606859233;22,94333333;33,854;35,88;6,77;5,77;2016
16/08/2016;30,55125;37,13;22,03;4,657040778;24,33;34,482;35,79;5,62;4,92;2016
17/08/2016;32,88666667;38,66;21,9;5,564704505;24,02833333;37,062;38,66;8,16;5,01;2016
18/08/2016;32,60583333;37,34;21,83;4,835212253;25,275;36,252;37,34;5,79;5,21;2016
19/08/2016;33,33041667;40,8;23,91;5,187422481;25,255;35,246;36,46;3,84;6,17;2016
20/08/2016;24,29208333;30,38;15,01;3,895320469;20,66333333;27,888;30,38;4,55;8,3;2016
21/08/2016;15,96291667;31,9;8,21;8,363072287;13,52333333;24,734;31,9;12,42;11,18;2016
22/08/2016;31,08458333;38;17,5;6,553646167;21,20166667;36,246;38;9,77;6,01;2016
23/08/2016;33,70291667;42;20,29;6,642702095;23,48;40,144;42;9,64;7,04;2016
24/08/2016;34,52916667;43;22,24;6,427603459;24,895;41,484;43;10,78;6,62;2016
25/08/2016;34,77833333;41,5;21,16;6,33801345;25,86333333;40,504;41,5;10,2;7,03;2016
26/08/2016;36,80166667;44,53;21,25;7,460291209;26,30833333;42,1;44;12,28;6,46;2016
27/08/2016;33,34208333;41,66;23,18;5,621521517;29,47166667;39,368;41,66;12,63;4,11;2016
28/08/2016;27,55125;41;18,15;7,072494371;28,83166667;31,026;36,99;8,53;6,75;2016
29/08/2016;40,46083333;48,29;22,46;7,816061455;28,62333333;45,962;48,29;7,75;7,79;2016
30/08/2016;39,55291667;47,85;22,74;8,797882393;25,86166667;46,546;47,69;13,23;8,44;2016
31/08/2016;38,80375;46,69;22,77;7,623083259;27,86833333;44,028;45,82;10,55;7,06;2016
01/09/2016;39,52416667;47,19;22,98;8,300346728;26,435;46,12;47,19;11,42;10,13;2016
02/09/2016;38,145;47,19;22,92;7,317024223;29,03166667;39,446;41,18;7,98;6,91;2016
03/09/2016;31,8675;38,56;24,02;4,57963379;27,68666667;35,828;38,56;7,15;3,89;2016
04/09/2016;25,23041667;33,83;20,03;4,55891051;24,845;29,162;33,83;6,91;4;2016
05/09/2016;42,60666667;54,74;21,73;10,36277983;26,77833333;50,922;54,74;16,6;10,4;2016
06/09/2016;40,86291667;52;23,76;8,816662821;27,89833333;49,458;52;14,84;8,6;2016
07/09/2016;39,98541667;51,56;23,18;9,299006482;26,195;47,638;50,5;13,26;9,06;2016
08/09/2016;34,50708333;47,01;23,08;7,133985092;25,64833333;42,738;47,01;8,5;7,67;2016
09/09/2016;36,18583333;47,8;22,97;7,597980233;26,895;40,542;45,61;6,96;9,04;2016
10/09/2016;30,57041667;38,98;22,87;4,574401818;25,01;35,56;38,98;8,54;4,65;2016
11/09/2016;28,2225;42,57;21,1;6,72713858;25,45333333;37,288;42,57;13,42;7,63;2016
12/09/2016;41,74791667;57,53;22,15;10,39429901;25,71666667;52,272;57,53;14,06;11,39;2016
13/09/2016;40,31333333;49,65;23,52;8,913828371;26,08166667;46,228;47,33;9,15;11,09;2016
14/09/2016;40,69916667;49;22,9;8,57351428;27,285;46,124;48,77;10,18;9,54;2016
15/09/2016;40,50041667;49,69;21,28;9,446572638;26,32833333;46,164;48,42;14,91;13,17;2016
16/09/2016;35,90958333;47,38;20,35;7,941458895;25,08666667;39,524;41,75;7,61;9,9;2016
17/09/2016;31,21833333;38,57;22,25;5,458355117;26,75166667;33,288;36,88;11,97;9,03;2016
18/09/2016;28,12916667;44;18,52;7,934181921;23,06166667;36,64;44;11,92;5,96;2016
19/09/2016;39,20083333;47,36;22,05;8,484059691;25,965;45,428;47,36;9,13;12,15;2016
20/09/2016;41,68041667;49,04;23,06;8,270577751;28,88166667;46,756;49,04;5,31;14,48;2016
21/09/2016;41,53958333;49,71;24,09;8,118970528;29,69;46,332;48,75;8,03;11,22;2016
22/09/2016;41,03041667;49,6;24,24;7,828415065;29,50333333;45,97;49,09;4,84;13,28;2016
23/09/2016;42,10458333;50,69;25,62;7,242250418;31,755;45,106;49,2;1,79;10,96;2016
24/09/2016;31,28333333;42,63;22,24;5,607964574;26,58833333;38,162;42,63;10,07;13,42;2016
25/09/2016;26,73791667;43,81;14,17;9,928579731;24,57333333;37,276;43,81;15;8,54;2016
26/09/2016;43,12208333;54,12;26,05;8,086986314;30,33833333;49,038;54,12;8,25;9,92;2016
27/09/2016;42,4125;50;27,84;6,987914567;31,47;46,998;49,1;2,76;13,44;2016
28/09/2016;43,37583333;51,63;25,85;7,141955594;32,71166667;49,214;51,63;7,9;7,57;2016
29/09/2016;39,10875;55,02;14,15;11,8522129;21,00333333;49,904;55,02;9,95;15,82;2016
30/09/2016;43,07708333;53,9;23,09;8,904746892;30,51333333;50,14;53,9;5,53;11,47;2016
01/10/2016;37,98125;48,49;29,02;6,662541174;31,515;42,362;46,42;7,38;9,86;2016
02/10/2016;32,25708333;51,18;24,65;8,76918492;26,37666667;43,858;51,18;15,79;9,57;2016
03/10/2016;43,92083333;73;24,54;12,76521766;25,78166667;55,696;73;15,54;21,34;2016
04/10/2016;42,17083333;57,44;22,18;11,99394989;23,98833333;50,682;54,85;6,63;20,85;2016
05/10/2016;39,30541667;56,95;22,23;11,08574995;28,97333333;48,404;56,95;14,39;16,37;2016
06/10/2016;48,57;62,54;20,87;10,56000371;33,20666667;52,722;57,93;2,2;16,97;2016
07/10/2016;58,20958333;80,25;27,96;15,41782156;38,12;63,104;70,65;12,49;26,18;2016
08/10/2016;44,02875;54,49;29,99;6,11887622;38,15833333;49,128;54,49;5,53;7,32;2016
09/10/2016;36,87583333;54,49;28,09;8,452877008;34,76833333;46,096;54,49;12,02;11,46;2016
10/10/2016;57,98083333;81,93;31,5;13,07449323;42,15666667;68,796;81,93;16,96;20,65;2016
11/10/2016;70,655;105,07;45,94;15,50595566;48,505;80,688;105,07;3,91;32,16;2016
12/10/2016;63,36666667;79,31;41,04;12,60156294;46,12333333;69,086;78,86;5,15;19,95;2016
13/10/2016;64,42458333;84,91;40,81;12,43972773;46,93666667;72,468;84,91;17,47;18,95;2016
14/10/2016;63,785;90,03;42,41;14,05207891;45,51333333;70,666;90,03;8,07;19,96;2016
15/10/2016;43,73333333;57,05;34,89;5,341963217;39,13166667;49,928;57,05;6,9;7,13;2016
16/10/2016;39,45041667;63,01;29,94;10,0515599;33,08166667;53,896;63,01;20,66;10,95;2016
17/10/2016;58,07583333;81,93;28,44;15,37745694;37,72333333;69,92;81,93;23,36;19,48;2016
18/10/2016;66,95583333;89,97;43,27;14,36711399;47,76333333;74,938;89,57;6,36;23,72;2016
19/10/2016;68,135;91,33;39,25;13,69179126;48,88166667;77,618;91,33;18,64;16,09;2016
20/10/2016;76,28583333;100,27;46,34;16,8540551;52,49;83,924;100,27;7,52;22,1;2016
21/10/2016;72,52125;99,22;43,42;15,71668466;48,50166667;84,108;99,22;13,97;20,7;2016
22/10/2016;55,36291667;84,48;41,21;10,65394823;45,98333333;67,944;84,48;23,61;16,5;2016
23/10/2016;44,34541667;71,64;32,03;10,76749213;38,12666667;58,1;71,64;24,14;15,85;2016
24/10/2016;73,41375;109,43;33,2;22,527182;41,365;89,664;102,26;39,53;26,24;2016
25/10/2016;80,77375;123,08;41,06;23,46613523;47,28666667;102,374;123,08;30,69;24,4;2016
26/10/2016;70,1825;92,67;43,04;16,43583393;46,53;80,76;92,67;23,22;23,09;2016
27/10/2016;61,26208333;85,87;39,66;13,74025377;42,89333333;72,138;85,87;25,43;24,12;2016
28/10/2016;59,08708333;81,24;36,14;12,65103965;42,475;68,038;81,24;13,31;19,31;2016
29/10/2016;52,05416667;67,98;40,74;7,900399504;45,19166667;61,012;67,98;13,33;9,09;2016
30/10/2016;40,73083333;57,56;31,4;7,779346075;39,35666667;50,776;57,56;19,42;14,56;2016
31/10/2016;49,20166667;63,89;33,92;8,679412756;38,70333333;60,354;63,89;17,06;9,96;2016
01/11/2016;48,06875;69,87;32,61;11,44429545;39,94;64,29;69,87;29,73;15,47;2016
02/11/2016;64,08166667;104,94;34,49;17,02404404;42,04666667;86,46;104,94;38,95;12,8;2016
03/11/2016;69,44791667;171,16;41,1;27,66268794;45,485;107,43;171,16;110,05;80,96;2016
04/11/2016;74,00333333;155,17;48,23;24,42012297;50,95;99,832;155,17;79,37;62,27;2016
05/11/2016;50,53916667;71,24;35,54;8,143458787;42,59833333;59,72;71,24;27,51;16,55;2016
06/11/2016;43,82708333;68,18;29,82;11,38731807;37,10333333;60,286;68,18;33,41;15,11;2016
07/11/2016;126,66125;874,01;37,75;176,438546;42,74333333;331,148;874,01;813,32;736,76;2016
08/11/2016;115,21625;850,07;43,23;162,9407498;46,90666667;285,952;850,07;776,51;727,9;2016
09/11/2016;88,38833333;219,98;35;40,58536957;45,27333333;120,656;219,98;144,98;102,14;2016
10/11/2016;73,70166667;142,94;44,36;23,45248122;48,28833333;102,914;142,94;83,25;43,93;2016
11/11/2016;62,125;81,38;42,17;10,22173473;49,03833333;74,276;81,38;29,29;14,52;2016
12/11/2016;59,95666667;97,25;43,8;11,33993546;49,83;75,664;97,25;48,22;26,67;2016
13/11/2016;52,85416667;79,04;38,46;10,25853745;46,40166667;67,632;79,04;32,69;18,98;2016
14/11/2016;119,4358333;829,79;36,45;154,2686698;45,74;259,664;829,79;758,11;691,79;2016
15/11/2016;86,8925;243,24;43,71;40,15728124;49,445;126,874;243,24;167,74;123,24;2016
16/11/2016;66,045;101,6;33,05;16,21955154;44,31166667;83,354;101,6;35;26,9;2016
17/11/2016;59,55333333;81,57;32,57;12,24756681;41,89666667;70,678;81,57;22,07;17,83;2016
18/11/2016;57,86291667;73,31;31,62;11,41544853;41,705;66,908;73,31;23,64;13,98;2016
19/11/2016;51,11208333;61,36;37,72;6,250746724;45,23333333;55,896;59;14,45;9,1;2016
20/11/2016;38,54458333;55;13,64;10,99380101;27,36333333;50,352;55;24,92;23,64;2016
21/11/2016;41,42625;67;10,88;16,05576473;17,33666667;55,34;67;27,29;18,71;2016
22/11/2016;53,75375;68,23;19,99;16,45527715;28,84333333;63,046;67,49;26,75;24,26;2016
23/11/2016;52,75916667;66,9;32,08;12,41468622;33,64666667;61,526;66,9;20,48;15,63;2016
24/11/2016;51,06291667;67,5;29,58;12,37366786;31,57;63,134;67,5;21;14,06;2016
25/11/2016;52,98458333;67;31,05;12,11001741;34,41833333;61,662;67;20,78;13,68;2016
26/11/2016;44,20458333;58,59;33;6,475878305;37,495;52,774;58,59;20,3;7,38;2016
27/11/2016;38,1675;51,3;22,66;7,474764647;31,215;48,746;51,3;20,59;12,45;2016
28/11/2016;57,00333333;76,02;25,16;15,64468424;33,01666667;69,036;76,02;27,2;19,03;2016
29/11/2016;71,28791667;200,07;36,99;32,96047184;44,61;111,162;200,07;138,17;112,87;2016
30/11/2016;90,71208333;196,94;48,72;36,70242191;58,51;111,024;196,94;103,58;102,44;2016
01/12/2016;102,8866667;266,9;50,69;52,68251452;60,565;135,66;266,9;186,5;156,53;2016
02/12/2016;71,55458333;92,97;55,23;10,19818355;61,60666667;78,498;88,12;15,35;12,81;2016
03/12/2016;55,97791667;68,33;48,72;6,450571245;50,99833333;63,21;68,33;17,08;12,6;2016
04/12/2016;43,52458333;53,01;34,2;6,223368988;39,80833333;50,484;53,01;16,49;8,32;2016
05/12/2016;63,32875;84,5;36,7;14,03978239;44,10166667;76,692;84,5;31,5;14,34;2016
06/12/2016;65,94291667;89,25;45,87;11,69433697;49,36;76,802;89,25;20,8;16,28;2016
07/12/2016;61,38208333;71,01;46,71;8,322002257;48,77166667;67,466;71,01;11,43;10,36;2016
08/12/2016;54,06333333;68,02;41,2;6,778261716;45,86333333;63,144;68,02;18,06;8,37;2016
09/12/2016;55,34916667;68,33;41,84;7,274918745;45,99333333;62,586;68,33;18,33;10,37;2016
10/12/2016;51,72625;66,21;43,86;5,908403604;46,4;59,1;66,21;19,81;10,36;2016
11/12/2016;51,70958333;70;38,41;8,995471073;43,625;65,804;70;27,02;13,1;2016
12/12/2016;64,9375;100,28;42,74;13,68470401;45,98833333;80,46;100,28;45,97;19,66;2016
13/12/2016;64,2125;79,3;42,77;10,77821968;47,99666667;72,25;79,3;19,07;12,02;2016
14/12/2016;67,85291667;91,81;45,52;13,04124243;50,04333333;78,81;91,81;29,32;18,95;2016
15/12/2016;68,56125;81,81;51,68;9,927154815;54,08166667;75,1;81,3;14,68;10,49;2016
16/12/2016;63,87583333;82,06;47,93;9,630869714;50,56;71,196;82,06;17,37;12,6;2016
17/12/2016;53,99875;69,28;42,02;6,970533204;46,55;63,01;69,28;21,99;7,09;2016
18/12/2016;50,65666667;70,01;37,94;8,802906964;43,38333333;64,078;70,01;26,72;9,6;2016
19/12/2016;67,48791667;85,14;43,32;12,89869895;48,735;78,176;85,14;26,85;13,77;2016
20/12/2016;68,02166667;91,9;48,62;11,08372001;52,41;77,616;91,9;32,32;12,16;2016
21/12/2016;64,78916667;79,48;47,12;9,197583292;50,72166667;74,132;79,48;21,25;9,26;2016
22/12/2016;64,43333333;74,69;49;9,100949624;51,14166667;71,212;74,69;20,07;15,58;2016
23/12/2016;56,49875;70,53;47,07;6,305896697;50,27166667;59,556;63,62;9,63;10,72;2016
24/12/2016;50,14833333;63,57;38,04;6,207484729;43,195;58,296;63,57;19,74;7,07;2016
25/12/2016;36,66166667;50,41;16,12;11,76673338;33,67833333;48,162;50,41;31,59;18,66;2016
26/12/2016;44,67958333;63,1;15,35;12,66466686;30,21166667;58,446;63,1;37,4;16,96;2016
27/12/2016;56,32958333;72,89;42,01;9,745250116;45,17666667;65,022;72,89;20,02;15,34;2016
28/12/2016;51,76625;63,7;39,34;7,523804433;41,97;59,832;63,7;18,9;8,08;2016
29/12/2016;52,0825;67,17;34,11;9,533250392;38,96333333;61,73;67,17;19,87;9,66;2016
30/12/2016;60,13041667;72,43;46,25;8,821642595;49,88;70,412;72,43;21,08;10,17;2016
31/12/2016;54,1373913;70,69;45,45;6,568774078;47,798;62,894;70,69;22,52;9,17;2016
31/12/2016;58,82;58,82;58,82;;58,82;;#NAME?;;;2017
01/01/2017;50,24166667;62,1;42,06;5,649649213;50,405;56,804;62,1;14,57;7,48;2017
02/01/2017;60,7225;77,42;44,99;9,153174432;48,61833333;71,458;77,42;25,42;12,59;2017
03/01/2017;69,92666667;137,21;45;18,38875617;50,685;91,046;137,21;79,56;55,89;2017
04/01/2017;66,05166667;76,8;51,22;8,494210134;52,95666667;72,75;76,8;14,4;9,92;2017
05/01/2017;66,50916667;96,93;42,34;13,24457655;48,82833333;81,228;96,93;42,84;22,62;2017
06/01/2017;74,03625;169,32;46,74;24,93844018;52,56333333;102,284;169,32;116,03;98,31;2017
07/01/2017;62,45541667;78,28;50,74;8,250047683;56,445;70,604;78,28;22,44;10,91;2017
08/01/2017;59,46666667;75,52;47,15;8,880769486;53,45833333;69,716;75,52;23,36;9,56;2017
09/01/2017;70,36541667;89,78;45,02;12,99273208;50,99;76,95;83,87;18,12;13,51;2017
10/01/2017;73,26375;103,3;49,19;13,89108654;54,46666667;86,02;103,3;39,75;16,85;2017
11/01/2017;77,54541667;96,88;50,62;12,49267646;59,38166667;86,09;95,76;19,96;17,5;2017
12/01/2017;74,19333333;89,85;48,46;11,98370077;56,68666667;79,894;89,85;16,16;13,68;2017
13/01/2017;79,90166667;105,82;43,66;19,93780932;52,81333333;94,694;105,82;44,13;37,31;2017
14/01/2017;66,12625;85,48;50,01;9,128031271;57,98333333;77,168;85,48;29,49;14,86;2017
15/01/2017;64,0175;88;50;11,22633676;53,76833333;79,21;88;37;18,25;2017
16/01/2017;91,76583333;124,83;40,98;26,59878698;52,00833333;110,614;124,83;58;33,55;2017
17/01/2017;105,9783333;162,31;57,76;28,0291517;68,195;128,016;162,31;67,67;32,42;2017
18/01/2017;94,4425;130;57,29;20,48869344;66,98166667;110,96;130;38,17;28,17;2017
19/01/2017;92,29666667;134,23;67,35;16,09227459;73,02833333;106,694;134,23;43,45;34,13;2017
20/01/2017;98,86041667;144,49;69,8;16,96240151;80,03333333;105,21;120;17,2;26,49;2017
21/01/2017;75,04333333;92,1;62,23;7,385436119;73,29166667;80,896;92,1;20,43;16,23;2017
22/01/2017;71,41375;92,12;58,53;10,79300893;65,155;84,636;92,12;24,67;18,05;2017
23/01/2017;94,425;131,32;57,14;22,31162107;65,76;109,562;131,32;50,73;39,71;2017
24/01/2017;116,6604167;204,69;69,09;34,33954147;79,075;123,272;144,98;42,08;80,93;2017
25/01/2017;121,2258333;206,12;75,18;34,73291284;84,06;137,064;194,95;82,55;72,05;2017
26/01/2017;108,91375;164,92;78,93;24,85726153;85,47333333;116,78;139;30,8;41,8;2017
27/01/2017;77,55416667;102,69;60,49;11,07244481;63,35333333;80,484;87,14;12,14;16,56;2017
28/01/2017;57,86375;80;37,39;11,35772628;47,70666667;70,162;80;33,23;17,53;2017
29/01/2017;58,86;79,49;43,84;10,78909877;49,525;72,48;79,49;29,8;15,07;2017
30/01/2017;63,44166667;87,08;35,11;15,77839019;43,05166667;82,27;87,08;36,55;25,26;2017
31/01/2017;76,44708333;104,33;50,18;17,87840779;53,19833333;86,758;104,33;34,13;16,46;2017
01/02/2017;65,6125;79,11;40,91;12,23036217;47,94333333;70,804;77,2;15;13,88;2017
02/02/2017;46,92458333;59,1;31,05;9,392643273;35,26;49,792;56,94;16,2;15,67;2017
03/02/2017;47,80333333;60;32,49;9,093772674;34,69666667;52,936;58,29;12,77;13,3;2017
04/02/2017;46,0925;66,18;31,89;9,548218705;35,67;57,93;66,18;32,36;10,11;2017
05/02/2017;45,76833333;65,07;31,75;9,09931993;38,29166667;57,204;65,07;33,32;16,83;2017
06/02/2017;64,03291667;86,37;35,1;16,71325235;39,99666667;71,796;86,37;31,16;19,74;2017
07/02/2017;60,75708333;80,7;39,95;11,96948674;43,775;72,752;80,7;29,96;14,51;2017
08/02/2017;63,66208333;88,18;36,66;13,68132239;44,30666667;76,834;88,18;37,75;19,49;2017
09/02/2017;63,23458333;78,87;42,64;11,14420691;47,11;72,52;78,76;23,66;19,04;2017
10/02/2017;67,49375;86;46,18;10,94486968;51,61833333;75,62;86;22,05;15,44;2017
11/02/2017;54,72583333;69,32;44,86;6,45102076;49,88166667;61,116;69,32;19,97;16,51;2017
12/02/2017;42,55041667;49,83;32,19;4,590769074;42,515;45,616;49,83;3,08;7,24;2017
13/02/2017;49,93916667;68,23;29,85;10,60141168;35,64;59,452;68,23;21,19;13,58;2017
14/02/2017;54,62;67,89;35,84;10,00894296;40,205;62,104;67,89;17,99;15,43;2017
15/02/2017;52,23416667;65,85;35,72;9,194355507;39,57666667;60,148;65,85;14,48;12,13;2017
16/02/2017;55,1375;69,62;41,73;8,006179271;43,93333333;63,204;69,62;14,28;10,5;2017
17/02/2017;54,27875;65,94;39,32;7,97125614;44,075;58,682;62,97;8,16;8,69;2017
18/02/2017;46,40916667;60,71;35,07;6,448998518;41,35166667;54,332;60,71;16,58;9,16;2017
19/02/2017;45,01208333;62,49;31,99;8,62691994;42,125;54,808;62,49;13,45;12,28;2017
20/02/2017;53,05041667;66,26;36,4;9,31905597;39,84333333;59,81;64,95;14,87;15,57;2017
21/02/2017;50,27833333;61,23;34,99;8,006960378;38,61166667;54,37;61,23;10,89;11,37;2017
22/02/2017;47,78;59,2;31;7,940849259;37,12333333;54,728;59,2;17,85;16,2;2017
23/02/2017;43,35416667;58,78;20,86;8,455526578;34,145;51,56;58,78;21,58;13,63;2017
24/02/2017;50,16166667;58,57;36,71;7,366346311;40,46166667;53,74;58,19;10,26;7,67;2017
25/02/2017;44,67458333;57,69;34,05;5,391166671;44,48;49,168;57,69;13,9;14,7;2017
26/02/2017;38,00791667;52,66;15,65;9,315056059;39,88333333;43,652;52,66;4,49;16,54;2017
27/02/2017;40,45125;53,1;19,26;8,589629902;28,31166667;47,19;53,1;9,29;10,94;2017
28/02/2017;40,45333333;53,12;21,07;8,750721544;28,61666667;45,772;53,12;11,68;11,45;2017
01/03/2017;45,86333333;55,4;28,91;8,525330883;32,85833333;50,938;55,4;4,82;12,48;2017
02/03/2017;46,65833333;57,57;30,36;8,724011177;34,46666667;54,244;57,57;14,43;12,16;2017
03/03/2017;39,41458333;48;30,91;4,916349812;34,57833333;40,316;44,95;0,27;10,5;2017
04/03/2017;36,14708333;47,25;28,26;5,790391951;30,755;43,462;47,25;16,37;5,54;2017
05/03/2017;21,67375;37,95;12,4;9,169487593;21,67333333;33,314;37,95;19,2;9,84;2017
06/03/2017;40,95083333;55,1;25,35;8,407353364;28,30333333;48,464;55,1;14,61;7,42;2017
07/03/2017;45,65375;61,05;29,64;9,406082589;32,05666667;53,65;61,05;21,52;14,19;2017
08/03/2017;42,96625;55,98;31,2;7,444883748;33,005;48,934;55,98;8,2;8,99;2017
09/03/2017;42,65083333;53,49;29,28;7,974471179;32,135;49,598;53,49;8,22;10,47;2017
10/03/2017;40,32166667;53,56;27,78;7,468981461;31,40833333;45,73;53,56;8,85;9,27;2017
11/03/2017;32,92375;45,91;29,07;4,299323316;29,90833333;38,98;45,91;12,2;9,31;2017
12/03/2017;22,07291667;38,94;12,29;8,774328404;20,68833333;33,346;38,94;13,89;12,47;2017
13/03/2017;35,95625;56,99;19,49;9,200863292;25,04;48,632;56,99;16,07;8,16;2017
14/03/2017;39,13583333;51,57;27,73;6,976554473;30,07166667;46,43;51,57;7,86;8,23;2017
15/03/2017;38,68791667;52,09;28,71;7,007095149;31,50333333;44,912;52,09;7,71;8,64;2017
16/03/2017;36,76333333;50,1;28,29;6,261974731;30,46833333;43,226;50,1;7,11;8,1;2017
17/03/2017;35,44041667;45,45;25,1;5,962963575;28,6;38,272;45,45;-2,16;10,24;2017
18/03/2017;25,30583333;40,45;11,36;7,310976808;20,17833333;33,796;40,45;10,34;8,82;2017
19/03/2017;20,68666667;39,25;9,64;9,979819928;16,73833333;30,338;39,25;14,27;12,86;2017
20/03/2017;32,73791667;45,84;17,36;7,605204156;22,20666667;38,17;45,84;2,08;10,22;2017
21/03/2017;39,59916667;52,15;19,45;10,12169298;24,445;45,568;49,69;11,36;12,01;2017
22/03/2017;37,79333333;48,47;29,05;6,111053184;29,80833333;44,702;48,47;7,21;6,02;2017
23/03/2017;37,09083333;52,14;28,53;5,58328555;30,36166667;41,916;52,14;7,62;12,14;2017
24/03/2017;36,06583333;45,72;28,87;5,140723107;29,835;38,79;42,96;2,68;7,81;2017
25/03/2017;28,36791667;39,17;15,97;5,538964728;28,13166667;34,236;39,17;4,51;6,42;2017
26/03/2017;28,18916667;40,07;16,17;6,819070392;27,62;33,368;40,07;4,2;10,83;2017
27/03/2017;34,97166667;48,16;27,33;6,898610236;28,41;39,744;46,27;-4,45;10,4;2017
28/03/2017;34,70458333;50;27,24;6,393770051;28,14833333;37,688;41,41;-1,45;9,85;2017
29/03/2017;35,33333333;49;26,07;6,860497933;27,14166667;37,272;41,81;-1,11;9,35;2017
30/03/2017;33,49375;46,01;25,03;6,079597965;26,81333333;36,378;40,46;1,64;8,77;2017
31/03/2017;32,68333333;39,96;23,05;5,237543954;26,65833333;36,494;39,96;1,58;5,85;2017
01/04/2017;31,65708333;39,6;24,83;4,588247254;28,86333333;35,33;39,6;2,96;6,08;2017
02/04/2017;30,56666667;43;22,08;6,371325483;29,70833333;35,984;43;2,69;9,5;2017
03/04/2017;37,74666667;54,02;28,44;7,463747553;30,32333333;38,798;43,59;-4,31;10,13;2017
04/04/2017;38,80625;52,39;29,29;7,145862173;30,005;42,396;47,57;0,42;9,84;2017
05/04/2017;35,79791667;48,1;27,49;5,800924199;29,645;34,594;38,61;-5,58;7,45;2017
06/04/2017;36,13333333;45,5;28,08;5,07192757;31,12166667;38,012;40,98;1,05;7,22;2017
07/04/2017;38,34583333;52,07;29,9;6,378081977;31,03166667;38,878;39,96;-1,7;9,8;2017
08/04/2017;34,59166667;42,07;27,02;4,867002172;32,08833333;37,664;41,88;1,13;6,14;2017
09/04/2017;28,81833333;39,53;15;6,585814576;29,16;34,296;39,53;3,46;8,66;2017
10/04/2017;34,24541667;42,5;17,78;6,519053665;25,68333333;36,246;38,74;-2,14;12,18;2017
11/04/2017;36,17041667;47,36;25,92;6,025838913;29,24833333;39,6;43,27;0,04;9,4;2017
12/04/2017;35,78875;50,06;25,74;6,695282124;31,195;33,952;38,7;-7,5;7,23;2017
13/04/2017;34,64208333;42,34;23,81;5,570564704;27,47666667;37,858;42,24;3,98;6,22;2017
14/04/2017;34,54375;41,39;27,07;4,455182437;29,81166667;36,998;38,74;5,53;4,47;2017
15/04/2017;31,70208333;46,95;19,97;7,78011511;33,80666667;24,838;30,06;-4,45;14,61;2017
16/04/2017;29,66291667;40,25;17,57;6,604686399;29,96333333;31,568;36,83;4,17;8,99;2017
17/04/2017;27,11875;38,08;9,28;7,627034476;27,74;29,206;36,81;-3,16;8,44;2017
18/04/2017;36,0225;47,08;27,75;5,532005101;31,055;36,084;38,87;-6,02;9,03;2017
19/04/2017;38,53;49,54;30,25;5,510050895;32,68166667;40,814;44,01;0,02;7,98;2017
20/04/2017;40,70208333;52;31,89;5,808392713;34,91666667;43,058;46,84;-2,09;6,98;2017
21/04/2017;44,77708333;55;35,25;6,412328804;39,19333333;47,006;52,15;0,79;7,77;2017
22/04/2017;32,81958333;40,16;18,31;6,4055767;35,45333333;30,952;37,34;-13,13;11,42;2017
23/04/2017;25,45833333;43,24;6,54;10,64383825;26,36666667;32,508;43,24;8,38;9,81;2017
24/04/2017;36,38541667;46,96;28,18;6,335982117;30,21833333;40,65;44,51;-0,48;8,57;2017
25/04/2017;37,39916667;45,24;29,97;5,101748137;32,46166667;41,862;45,24;2,9;6,53;2017
26/04/2017;43,79583333;55;30,44;7,374832005;33,295;45,058;45,96;2,06;9,2;2017
27/04/2017;44,20208333;55,34;31,04;7,554337642;33,81166667;47,052;52,5;3,73;10,22;2017
28/04/2017;41,87416667;53,89;30,92;7,004301111;34,325;42,886;50,04;-1,02;9,64;2017
29/04/2017;32,15;37,65;26,69;3,09812145;31,76;33,074;34,93;-0,34;7,47;2017
30/04/2017;14,21958333;33;-2,17;8,860566514;18,18333333;14,152;21,23;-5,2;11,77;2017
01/05/2017;20,45333333;37,89;6,02;10,07533996;17,54;29,74;33,61;14,05;7,42;2017
02/05/2017;42,66791667;50,42;19,01;9,198291419;29,46166667;45,58;47,1;4,09;11,63;2017
03/05/2017;46,49625;55;32,95;6,310049137;38,215;50,046;52,22;4,98;6,22;2017
04/05/2017;44,75375;53,34;32,86;6,0865574;36,44;46,938;50,89;3,5;6,85;2017
05/05/2017;39,48791667;52,07;29,58;6,45785937;31,915;40,046;42,09;-0,73;9,8;2017
06/05/2017;33,17791667;40,54;28,28;3,804936129;30,865;36,436;39,9;2,9;4,12;2017
07/05/2017;29,91916667;44,53;23,04;6,143426262;26,74833333;33,654;43,99;4,89;11,86;2017
08/05/2017;34,40291667;42,29;24,78;5,432058205;27,54833333;36,164;38,8;2;4,8;2017
09/05/2017;40,48708333;54,99;28,94;7,31799716;31,20166667;45,608;49,12;2,07;10,76;2017
10/05/2017;40,11541667;53,69;30,41;6,949537976;31,78;45,704;48,04;1,97;7,94;2017
11/05/2017;37,26208333;46,32;29,17;5,329565591;31,13666667;37,756;40,69;4,04;8,19;2017
12/05/2017;37,64083333;48,18;27,08;6,478090108;30,17833333;40,932;42,93;6,28;7,77;2017
13/05/2017;32,19708333;41,91;27,22;5,088248592;28,27333333;37,696;41,91;5,74;5,21;2017
14/05/2017;28,64208333;42,35;18,47;6,735459043;26,55833333;35,194;40,99;6,51;5,98;2017
15/05/2017;36,80333333;46,1;26,7;6,476074809;28,05333333;42,556;45,73;7,44;8,62;2017
16/05/2017;34,72333333;42,94;26,38;5,424732145;27,48333333;41,05;42,94;9,19;8,15;2017
17/05/2017;33,11833333;41;24,85;5,081342399;26,49166667;37,202;40,98;2,15;8,61;2017
18/05/2017;34,53625;42,98;20,83;6,450980925;25,17833333;37,218;38,69;4,75;7,72;2017
19/05/2017;34,38958333;41,55;25,25;5,277750245;26,51;37,304;38,97;7,6;9,01;2017
20/05/2017;28,06791667;38,77;22,78;4,631471716;26,46666667;31,526;35,56;2,5;4,34;2017
21/05/2017;21,87583333;37,56;10,45;8,862241309;20,83833333;29,782;36,9;11,3;12,15;2017
22/05/2017;36,6075;44,36;26,01;5,423733873;28,59333333;41,976;44,36;8,16;8,11;2017
23/05/2017;33,27291667;41,89;24,45;4,811603257;27,85333333;34,668;37,11;-3,24;7,28;2017
24/05/2017;33,30791667;40,98;20,87;6,184339253;25,86166667;39,66;40,84;9,82;6,83;2017
25/05/2017;28,14541667;36,98;21,55;4,701942225;27,51666667;32,858;36,7;5,19;5,53;2017
26/05/2017;33,15208333;41,97;23,96;5,631100734;27,71166667;38,53;41,97;4,91;7,55;2017
27/05/2017;27,63833333;37,13;18,21;5,865343065;24,77333333;33,81;37,13;8,2;6,99;2017
28/05/2017;24,11541667;40,66;14,5;9,021411718;21,68833333;33,762;38,66;18,52;11,49;2017
29/05/2017;38,07333333;46,15;25,6;6,308174591;28,705;43,638;46,15;8,11;9,57;2017
30/05/2017;40,95583333;52,23;28,38;8,282909548;30,36166667;39,846;43,63;2,47;11,55;2017
31/05/2017;41,69416667;52,69;27,09;9,136648571;28,405;46,37;52,04;18,25;10,66;2017
01/06/2017;39,215;52,01;28,8;7,503070096;29,23;45,506;50;10,49;8,48;2017
02/06/2017;36,71458333;44,9;28,04;5,421410036;28,99;42,576;44,9;7,45;6,97;2017
03/06/2017;31,19083333;39,02;25;4,437212126;27,35833333;36,666;38,16;10,79;5,16;2017
04/06/2017;22,68958333;39,91;10,41;8,515758017;22,09833333;28,538;34,99;8,08;10,39;2017
05/06/2017;28,76583333;39,17;19,3;6,316114599;22,35166667;36,55;39,17;12,29;6,39;2017
06/06/2017;21,40625;36,08;7,88;7,126251416;11,725;22,62;25,62;4,92;12,56;2017
07/06/2017;21,75041667;35,18;1,74;10,16054367;8,216666667;26,878;29,45;13,68;11,83;2017
08/06/2017;30,66083333;43,91;11,39;8,58582346;18,76666667;39,236;43,91;5,24;13,68;2017
09/06/2017;33,88166667;42,59;24,51;5,15255164;28,32333333;34,116;35,9;-0,09;6,09;2017
10/06/2017;30,62958333;39,68;25,01;4,937239573;27,485;35,962;38,78;7,62;6,31;2017
11/06/2017;22,47458333;33,7;12,6;7,392195637;18,92666667;30,818;33,62;17,52;6,91;2017
12/06/2017;32,85791667;40,42;14,6;7,877687798;20,78666667;36,464;37,94;6,3;9,71;2017
13/06/2017;36,41791667;45,74;24,2;6,339884088;27,04333333;40,25;42,92;5,4;7,62;2017
14/06/2017;38,26333333;49,95;27,5;6,224661099;29,555;44,658;49,95;10,86;6,86;2017
15/06/2017;34,55041667;55,23;25,06;5,83143392;28,6;35,872;37,01;4,88;17,15;2017
16/06/2017;29,75916667;35,36;21,19;4,197347938;24,06166667;29,622;31,68;1,56;5,93;2017
17/06/2017;27,80416667;38;20,67;5,971052574;26,62833333;33,43;36,97;10,81;4,61;2017
18/06/2017;28,36083333;41,22;21,08;6,747667498;27,915;34,928;39,09;12,44;7,95;2017
19/06/2017;38,38583333;49,99;28,57;6,141071226;29,98833333;45,444;49,99;7,3;9,2;2017
20/06/2017;38,76;50,31;28,47;5,613625504;31,04333333;38,796;39,95;1,27;6,55;2017
21/06/2017;46,49208333;59,03;30,68;9,467754419;32,85333333;50;56,95;12,53;11,16;2017
22/06/2017;41,10875;55,94;29,2;7,817301498;31,27333333;39,922;41,91;3,3;6,4;2017
23/06/2017;34,39541667;39,49;28,01;4,094301426;28,57666667;36,51;38,44;5,1;5,21;2017
24/06/2017;26,00708333;31,94;19,99;3,213389757;23,50833333;28,972;31,07;7,5;5,62;2017
25/06/2017;21,01333333;38,91;8,96;9,820693621;21,96166667;28,038;35,21;11,61;6,22;2017
26/06/2017;41,57791667;55,64;26,16;9,156097982;29,30333333;40,462;42,91;2,78;9;2017
27/06/2017;41,23583333;50,03;28,65;6,811285339;31,67;42,514;45,2;7,44;8,42;2017
28/06/2017;36,13458333;42,7;25,96;5,267735244;28,465;38,386;40;6,21;5,88;2017
29/06/2017;38,27416667;47,81;29,01;6,548084298;29,40666667;37,338;39,01;4,99;7,95;2017
30/06/2017;34,07208333;42,92;25,58;5,030863855;31,82666667;36,222;38,92;4,4;5,97;2017
01/07/2017;30,52958333;42,09;25,56;4,614423963;28,19166667;31,404;33,25;4,39;9,99;2017
02/07/2017;27,57583333;43,33;16,86;7,235079349;26,57;32,616;37;9,18;6,33;2017
03/07/2017;39,0375;45;24,86;6,727245867;31,20666667;39,554;43,35;4,01;8,15;2017
04/07/2017;42,53416667;48,24;27,99;6,616920942;32,925;45,384;48,24;12,04;6,39;2017
05/07/2017;43,80458333;52,1;29,07;7,708710476;32,46333333;45,432;48,91;10,23;6,25;2017
06/07/2017;45,76791667;54,03;29,19;8,627163864;33,56;50,132;53,71;16,37;7,37;2017
07/07/2017;40,69375;50,58;29,64;6,248619195;32,28166667;40,69;42,74;4,71;10,12;2017
08/07/2017;34,15166667;42,09;29,09;4,101905884;30,83;37,93;40,04;6,98;3,8;2017
09/07/2017;33,19791667;42,28;29,2;4,546539993;30,13333333;38,44;40,59;7,26;3,78;2017
10/07/2017;40,26166667;50,07;29,31;6,962441268;30,025;40,922;42,97;3,59;7,43;2017
11/07/2017;37,14583333;44,22;28,95;4,882273986;30,00833333;39,766;41,58;5,48;6,92;2017
12/07/2017;36,27;44,31;28,43;5,438321352;30,145;34,174;35,9;-0,13;8,75;2017
13/07/2017;36,43416667;46,82;27,34;5,230273845;30,34166667;42,854;46,82;10,29;7,06;2017
14/07/2017;34,10083333;39,71;29,08;3,484882777;30,82833333;35,746;39,1;-0,46;5,62;2017
15/07/2017;32,53916667;37,98;28,64;3,141384237;30,68333333;35,526;37,54;4,75;4,23;2017
16/07/2017;31,08333333;41,72;25,22;5,198704409;31,655;33,912;37,14;4,26;3,88;2017
17/07/2017;37,7975;44,95;27,57;5,443419042;29,815;42,342;44,95;7,77;5,07;2017
18/07/2017;39,57583333;48,98;29,56;6,20174023;30,36;44,126;46,82;9,69;4,39;2017
19/07/2017;36,56708333;44;27,3;4,957800599;29,07;42,046;44;8,94;5,1;2017
20/07/2017;36,86291667;43,25;28,1;4,814928307;29,78333333;39,966;41,93;5,75;4,42;2017
21/07/2017;36,99833333;42,63;27,07;4,990748543;29,42833333;41,128;42,63;5,85;5,58;2017
22/07/2017;33,37791667;40;28,54;4,151575897;29,62;37,75;39,89;8,82;5,27;2017
23/07/2017;27,93875;42,85;15,96;8,254018422;27,93;34,056;39,42;6,47;7,43;2017
24/07/2017;38,50333333;48,45;28,96;6,026639893;31,275;37,54;39,7;2,96;8,96;2017
25/07/2017;34,85583333;40,8;25,41;5,144575798;27,19333333;36,156;40,48;5,32;6,33;2017
26/07/2017;33,72958333;40,51;21,8;5,865115351;24,79;36,492;37,94;7,31;5,41;2017
27/07/2017;33,89;38,5;23,69;4,744053486;27,15666667;35,798;36,63;7,04;6,12;2017
28/07/2017;32,49916667;38,8;23,35;4,543096929;26,64666667;34,644;36,96;2,02;5,87;2017
29/07/2017;21,435;34,76;10,04;7,331112378;16,715;29,636;33,37;15,72;5,9;2017
30/07/2017;14,63416667;37,67;0,67;13,25065443;13,76666667;26,424;35,93;20,14;11,72;2017
31/07/2017;32,58958333;38,9;24,64;4,679881529;26,75833333;37,858;38,9;5,76;5,58;2017
01/08/2017;34,8075;41,06;26,59;4,856997865;27,10833333;39,294;41,06;8,28;5,12;2017
02/08/2017;32,74625;37,53;25,09;4,205649216;26,48166667;35,918;36,08;5,76;4,79;2017
03/08/2017;29,77625;35,98;23,36;4,477211683;24,50333333;28,74;31,85;-1,72;4,43;2017
04/08/2017;30,58833333;37,08;19,06;5,29208241;22,83666667;34,28;37,08;4,54;8,51;2017
05/08/2017;28,5875;34,3;20,57;4,192099453;23,96166667;32,292;33,96;7,92;4,7;2017
06/08/2017;21,06541667;36,07;10,25;9,186446055;19,71333333;30,434;36,05;18;9,09;2017
07/08/2017;33,6825;45,11;24,8;5,903224064;26,60166667;41,812;45,11;6,98;6,9;2017
08/08/2017;31,6925;37,06;23,63;4,367634172;25,07833333;33,054;33,91;2,9;4,04;2017
09/08/2017;31,045;40,1;19,08;5,900277075;23,67;37,746;40,1;8,16;5,48;2017
10/08/2017;35,62375;41,95;26,02;5,302872735;27,66166667;37,242;39,61;4,19;5,37;2017
11/08/2017;34,9425;44,41;23,05;6,326725405;26,03833333;36,124;38,08;6,29;9,62;2017
12/08/2017;22,30625;28,56;16,53;3,953547458;18,38666667;25,394;27,01;5,69;5,01;2017
13/08/2017;21,40916667;36,47;10,8;8,849107013;17,905;30,946;36,47;16,62;11,09;2017
14/08/2017;33,28708333;41,96;24,11;5,196059108;25,505;38,964;41,96;6,74;5,26;2017
15/08/2017;28,31791667;39,2;18,45;6,060437622;23,635;34,772;36,62;8,92;5,66;2017
16/08/2017;36,12208333;43,15;26,79;5,362164536;28,14666667;41,414;43,15;6,95;6,26;2017
17/08/2017;33,66041667;40,14;26,83;4,398766111;27,80333333;37,536;38,97;3,48;5,37;2017
18/08/2017;33,73666667;42,25;22,01;5,566470794;25,695;37,17;38,7;3,8;5,27;2017
19/08/2017;17,03708333;27,02;10,1;6,208598161;11,305;23,44;27,02;12,3;8,84;2017
20/08/2017;12,34041667;32,11;-0,87;11,01134651;12;22,204;31,51;11,3;10,26;2017
21/08/2017;32,3225;41,86;14,65;7,70625339;21,90333333;39,538;41,86;9,87;9,59;2017
22/08/2017;37,04583333;48,17;27,78;5,407784177;29,815;44,67;48,17;7;5,93;2017
23/08/2017;37,22666667;48,05;28,06;5,789665956;29,78166667;44,21;48,05;9,01;7,17;2017
24/08/2017;38,18791667;45,45;27,73;5,666343794;29,94833333;42,96;44,89;6,3;6,18;2017
25/08/2017;38,11958333;45,7;29,51;5,31043966;31,47;43,68;45,7;5,93;5,77;2017
26/08/2017;35,39291667;42,38;30,29;4,155835582;32,145;40,514;42,38;9,2;4,65;2017
27/08/2017;32,76125;46,02;25,97;5,888446545;30,25833333;37,886;42,43;5,53;4,57;2017
28/08/2017;40,30416667;50;30,2;5,974457164;31,475;46,596;50;4,61;10;2017
29/08/2017;43,42416667;54,08;29,31;8,729802984;30,44333333;48,56;52,47;14,01;7,1;2017
30/08/2017;38,86083333;49,34;29,56;6,348278724;30,13;40,756;42,4;5,88;5,95;2017
31/08/2017;39,75791667;45,72;28,83;6,123426136;30,28166667;43,092;44,09;9,45;5,77;2017
01/09/2017;39,02;45,83;29,64;5,543237164;30,80666667;41,93;43,95;6,16;7,42;2017
02/09/2017;34,36208333;40,52;28,83;3,541871256;31,48333333;37,82;40,52;6,15;4,68;2017
03/09/2017;30,93208333;42,27;25;5,004572674;28,865;36,988;42,27;6,07;4,73;2017
04/09/2017;37,21125;45,71;27,06;5,536224826;29,46833333;43,126;45,71;3,24;9,27;2017
05/09/2017;37,70375;44,97;29,06;5,296452309;29,75833333;42,638;44,97;6,67;6,02;2017
06/09/2017;35,93208333;43,73;20,85;6,721415469;25,85833333;37,802;41,69;-0,91;8,11;2017
07/09/2017;35,245;45,99;14,88;8,934082274;21,55333333;43,054;45,99;7,37;11,68;2017
08/09/2017;32,08958333;39,56;14,09;6,826655225;22,13;34,51;37,31;1,02;10,72;2017
09/09/2017;33,7275;42,02;22,55;6,054853784;25,90666667;37,916;41,53;5,91;4,58;2017
10/09/2017;22,20791667;32,36;8,93;7,35742865;19,99166667;24,898;32,36;-1,47;16,14;2017
11/09/2017;26,41625;41,86;1,22;12,10304878;8,036666667;35,252;38,68;7,9;18,54;2017
12/09/2017;33,94916667;49,69;9,19;12,8271834;14,07;41,056;45,89;6,58;17,72;2017
13/09/2017;26,84208333;36,32;2,94;9,584654392;15,11166667;31,244;34,16;9,98;10,17;2017
14/09/2017;29,995;43,62;1,94;11,84221667;14,36166667;35,998;40,01;3,83;18,39;2017
15/09/2017;38,10958333;48;18,57;8,094826302;26,525;45,196;48;5,23;10,64;2017
16/09/2017;37,74875;48,01;30,71;5,561425617;31,65333333;44,584;48,01;12,7;5,68;2017
17/09/2017;34,42416667;48,02;29,18;5,723893412;31,58333333;41,904;48,02;11,02;8,85;2017
18/09/2017;44,39;53,47;31,42;8,128222438;32,225;49,126;53,14;5,52;11,29;2017
19/09/2017;41,88833333;53,76;30,8;7,120537759;32,86333333;45,574;50,01;6,26;10,02;2017
20/09/2017;41,61708333;54;26,74;8,509483446;29,84;47,966;52,02;9,44;12,06;2017
21/09/2017;39,42916667;52,77;29,49;7,31639191;30,85833333;47,586;52,77;8,73;7,97;2017
22/09/2017;40,31208333;49,8;30,02;6,531060224;31,78666667;45,724;48,92;5,86;8,16;2017
23/09/2017;37,55541667;45,2;31,43;4,676073212;33,85666667;41,774;45,2;9,04;5,63;2017
24/09/2017;35,71208333;47,28;30,55;5,35381374;31,505;43,094;47,28;10,57;7,05;2017
25/09/2017;44,86458333;53,77;30,5;8,112766096;32,15;48,068;52;5,39;11,93;2017
26/09/2017;46,69208333;55,93;31,33;8,50434517;33,44333333;53,344;55,93;10,58;9,42;2017
27/09/2017;45,50458333;57,91;32,13;7,780274936;34,08333333;50,57;54,86;4,92;11,37;2017
28/09/2017;47,03541667;57,8;31,01;9,588392883;32,49666667;53,468;56,41;12,3;10,64;2017
29/09/2017;43,88041667;52,4;30,97;6,854295054;35,905;49,322;52,4;7,92;9,24;2017
30/09/2017;39,5275;50,82;29,03;5,597747412;38,185;43,818;48,25;13,1;6,64;2017
01/10/2017;34,58375;49,9;24,18;7,937235206;28,93333333;44,268;49,9;19,37;15,59;2017
02/10/2017;43,17333333;60,84;5,53;15,4176792;22,10333333;54,476;60,84;20,58;21,22;2017
03/10/2017;45,06083333;59,84;18,49;11,94810006;29,77833333;54,996;59,5;15,48;17,63;2017
04/10/2017;52,42833333;66,06;27,65;9,851087191;39,395;59,994;66,06;3,55;16,64;2017
05/10/2017;49,14583333;62,25;28,18;9,551276226;37,22166667;56,896;62,07;7,42;14,64;2017
06/10/2017;48,03833333;62,17;24,4;10,77396244;36,62166667;54,12;62,17;1,89;15,36;2017
07/10/2017;45,88208333;61,84;35;7,021790295;41,205;53,538;61,84;7,84;9,96;2017
08/10/2017;41,92708333;59,94;29,07;8,048606403;38,96166667;49,366;59,94;-1,74;18,09;2017
09/10/2017;54,18166667;75;30,25;12,15570028;37,45833333;64,664;75;17,49;18,36;2017
10/10/2017;58,92791667;74,2;30,8;12,13373593;40,70333333;67,708;74,2;9,14;18,23;2017
11/10/2017;55,35333333;73,53;29,26;12,96317314;36,64166667;66,452;73,53;9,54;21,51;2017
12/10/2017;53,42166667;73,54;21,1;14,54531261;31,985;64,016;73,54;9,56;17,57;2017
13/10/2017;51,25;68,84;29,81;11,51787646;37,72333333;60,586;68,84;19,39;19,59;2017
14/10/2017;42,76;63,16;29,49;7,777866031;35,44;51,176;63,16;16,81;13,26;2017
15/10/2017;36,045;55,91;26,63;7,14370626;31,35833333;46,308;55,91;13,87;11,35;2017
16/10/2017;47,05541667;67;23,85;13,17563858;31,355;56,844;67;21,47;13,73;2017
17/10/2017;56,20708333;80,54;28,22;14,10959664;34,54833333;68,1;80,54;11,73;19,93;2017
18/10/2017;57,45791667;83,02;31,81;13,47634223;38,45833333;69,414;83,02;23,54;16,13;2017
19/10/2017;56,97291667;77,55;34;11,67563665;40,095;66,164;77,55;8,9;15,87;2017
20/10/2017;52,91833333;65,72;30;11,04491961;38,00833333;60,634;65,72;19,45;20,07;2017
21/10/2017;39,26125;53,1;29,35;7,268000331;34,33666667;37,792;45,22;9,04;12,79;2017
22/10/2017;39,65458333;64,03;24,72;11,98498879;31,26;54,01;64,03;22,02;14,67;2017
23/10/2017;57,11041667;71,42;31,85;12,10228921;39,66666667;65,672;71,42;17,44;16,41;2017
24/10/2017;58,36;72,01;31,67;11,88020751;40,52666667;66,932;72,01;16,06;15,46;2017
25/10/2017;60,05291667;77,91;35,04;11,52139465;42,335;69,276;77,91;13,99;14,36;2017
26/10/2017;57,17083333;72,22;32,25;11,69657769;40,18166667;67,566;72,22;16,03;15,49;2017
27/10/2017;55,13541667;68,04;35,41;9,394665914;42,59166667;60,694;66,39;6,68;12,09;2017
28/10/2017;46,75208333;61,84;35,14;7,597133887;42,04666667;52,504;61,84;5,75;13,61;2017
29/10/2017;40,52541667;63,3;15,41;14,04553773;26,82333333;57,55;63,3;30,06;14,17;2017
30/10/2017;52,10583333;76,94;29,36;12,56196603;34,92;66,408;76,94;27,58;13,84;2017
31/10/2017;57,25833333;72,17;40,19;9,668999619;43,645;67,846;72,17;22,95;14,89;2017
01/11/2017;45,88666667;65,55;33,06;9,322792391;39,83666667;58,918;65,55;25,49;12,53;2017
02/11/2017;56,03;77,99;29,97;11,89297637;38,91166667;68,286;77,99;28,79;14,01;2017
03/11/2017;57,40875;69,9;39,94;8,45087354;45,94;63,664;69,9;13,8;9,59;2017
04/11/2017;41,685;60,51;33,22;7,772635947;37,12166667;51,872;60,51;26,78;12,86;2017
05/11/2017;39,29416667;61,49;23,73;11,3346709;31,28833333;54,718;61,49;36,43;18,61;2017
06/11/2017;61,13208333;95,01;35,31;15,37310327;40,39666667;79,752;95,01;43,49;16,73;2017
07/11/2017;65,52916667;91,83;45,01;12,62643807;48,68;78,078;91,83;33,73;13,1;2017
08/11/2017;81,73041667;195,11;47,81;31,09228752;51,35333333;113,728;195,11;130,14;83,71;2017
09/11/2017;90,40166667;191,58;47;33,58104585;53,08333333;127,438;191,58;118,47;62,94;2017
10/11/2017;81,11;111,3;49,5;18,16199448;57,87;90,91;111,3;40,59;27,3;2017
11/11/2017;56,17291667;67,05;46,57;6,106577693;53,12;63,672;67,05;18,04;10,93;2017
12/11/2017;46,465;64,19;32,87;9,702341716;42,985;60,854;64,19;25,45;13,09;2017
13/11/2017;59,50625;111,66;29,94;19,51905375;37,91333333;86,992;111,66;62,96;29,06;2017
14/11/2017;82,285;171,59;43;31,39726504;47,99166667;113,588;171,59;102,23;51,65;2017
15/11/2017;78,9625;138,9;48,88;21,71825765;53,405;101,854;138,9;75,35;26,81;2017
16/11/2017;81,51125;150,58;50;23,45961957;56,60166667;108,222;150,58;82,57;43,95;2017
17/11/2017;73,1775;94,78;52,1;11,90804487;56,70166667;83,64;94,78;25,48;13,78;2017
18/11/2017;59,5425;74,76;44,14;7,82794673;51,27166667;70,59;74,76;21,81;12,57;2017
19/11/2017;59,68625;77,91;46,84;9,365232564;54,24166667;73,05;77,91;22,36;10,55;2017
20/11/2017;67,07833333;82,73;48,41;10,34330519;53,86166667;74,352;80,36;10,26;16,2;2017
21/11/2017;61,28416667;75,26;38,99;10,94625722;46,31166667;68,628;75;20,38;15,38;2017
22/11/2017;59,35958333;71,88;47,14;8,447843295;49,035;63,2;69,97;7,89;11,3;2017
23/11/2017;54,37625;79,18;16,73;16,1385102;31,41;72,788;79,18;32,92;18,21;2017
24/11/2017;57,61041667;75,34;30,57;13,42466921;38,07833333;68,676;75,34;22,9;15,56;2017
25/11/2017;53,33083333;68,5;36,68;8,331967729;44,35;63,482;68,5;20,87;12,31;2017
26/11/2017;53,1475;70,53;44,44;6,993914902;47,94333333;63,936;70,53;23,27;9,32;2017
27/11/2017;63,44708333;78,19;45,06;10,83057407;47,30666667;71,846;78,19;23,49;16,34;2017
28/11/2017;65,98333333;80,33;36,35;13,5026927;46,13333333;75,036;80,33;15,34;14,72;2017
29/11/2017;77,45041667;118,49;49,72;19,65668544;53,06666667;94,096;118,49;53,93;23,17;2017
30/11/2017;75,89625;100,12;52,1;14,42097772;56,58833333;86,008;100,12;31,21;19,86;2017
01/12/2017;73,47416667;87,14;52,6;10,35790516;58,65833333;80,71;87,14;20,33;19,19;2017
02/12/2017;64,29166667;81,4;53,07;8,115999586;56,91333333;75,046;81,4;27,36;13,7;2017
03/12/2017;61,21583333;77,07;48,94;8,508923662;55,165;73,658;77,07;25,6;13,38;2017
04/12/2017;82,20916667;111,36;55,15;17,52488862;59,06333333;96,4;111,36;42,73;20,07;2017
05/12/2017;92,39375;135,56;59,22;21,62384791;65,095;96,81;114,75;43,35;35,87;2017
06/12/2017;86,54208333;114,75;68,8;14,10878757;71,81166667;92,16;105,22;25,92;35,45;2017
07/12/2017;67,99375;84,89;34,88;12,81008937;50,24;77,65;84,89;23,28;15,53;2017
08/12/2017;64,12375;79,45;35,25;11,10666929;49,94333333;74,302;79,45;20,66;14,53;2017
09/12/2017;68,31;83,11;55,54;8,136018148;57,825;77,502;83,11;23,16;9,3;2017
10/12/2017;48,56333333;64,09;25,13;11,15284236;47,12166667;59,428;64,09;31,66;21,08;2017
11/12/2017;57,10875;75,72;25,59;15,35617545;35,98833333;69,536;75,72;27,42;14,05;2017
12/12/2017;78,60791667;114,59;39,64;22,9737402;50,215;91,318;111,66;47,81;24,57;2017
13/12/2017;70,63916667;101,7;37,67;15,45075372;49,96333333;85,35;101,7;46,28;18,38;2017
14/12/2017;58,31083333;75,51;23,52;14,77449739;36,81833333;70,526;75,51;26,11;13,11;2017
15/12/2017;58,47166667;74,85;29,85;14,18860433;38;69,446;74,85;27,66;12,79;2017
16/12/2017;55,80125;72;37,68;9,669050721;44,665;66,512;72;27,16;9,8;2017
17/12/2017;52,415;72,46;36;10,25737232;41,84833333;67,174;72,46;33,04;10,69;2017
18/12/2017;61,98125;79,98;27,6;16,69832335;36,23166667;74,764;79,98;28,3;19,33;2017
19/12/2017;64,71208333;78,67;38,3;13,39511721;44,545;74,176;78,67;24,66;16,79;2017
20/12/2017;67,0675;79,3;41,54;12,27594404;49,36166667;74,448;79,3;20,11;18,63;2017
21/12/2017;63,54125;75,72;43;10,51379066;48,07166667;72,024;75,72;16,15;12,68;2017
22/12/2017;55,33291667;69,08;27,81;12,85803605;37,55;63,194;69,08;24,6;20,64;2017
23/12/2017;46,60958333;60;22,64;8,601958058;36,81166667;56,88;60;19,6;13,6;2017
24/12/2017;44,99583333;62,08;32,82;7,732444305;41,485;55,384;62,08;21,22;13,64;2017
25/12/2017;26,58416667;40,35;13,63;7,322290516;27,26833333;32,99;37,78;18,05;26,72;2017
26/12/2017;30,72541667;54,25;1,02;17,10146701;9,61;47,64;54,25;44,6;12,58;2017
27/12/2017;38,61791667;57,57;12,74;15,04656713;17,355;50,388;57,57;37,54;14,83;2017
28/12/2017;47,42875;61,21;26;11,55566201;31,02833333;58,782;61,21;24,9;9;2017
29/12/2017;41,65875;52,13;20,19;7,885744051;32,98666667;42,174;51,51;7,96;21,3;2017
30/12/2017;20,43;28,49;10,94;4,441959027;16,045;23,866;28,49;11,73;8,07;2017
31/12/2017;10,91130435;19,97;3,26;4,809813174;5,228;15,466;19,97;16,55;4,7;2017
31/12/2017;6,74;6,74;6,74;;6,74;;#NAME?;;;2018
01/01/2018;3,280833333;23,52;-31,82;15,81811315;-4,638333333;18,472;22,02;44,59;15,09;2018
02/01/2018;32,47833333;50;4,24;16,98654395;7,833333333;38,986;47,37;23,5;19,34;2018
03/01/2018;16,6475;36,67;-0,25;8,721590526;4,475;26,602;36,67;24,42;12,54;2018
04/01/2018;31,00416667;50,08;2,11;15,89309035;6,823333333;45,086;50,08;27,62;16,27;2018
05/01/2018;34,69708333;57,42;0,55;16,51044267;10,75833333;50,004;57,42;33,46;11,06;2018
06/01/2018;36,19416667;49,98;21,87;7,727203171;25,93833333;42,938;49,98;19,98;6,92;2018
07/01/2018;22,39958333;34,34;12,17;7,207793776;15,1;31,184;34,34;22,17;7,46;2018
08/01/2018;36,94375;55;12,91;13,54721688;18,28333333;46,748;55;24,97;12,93;2018
09/01/2018;46,83708333;61,35;27,86;10,74378303;32,76166667;51,872;56,74;17,71;16,87;2018
10/01/2018;41,46208333;52,69;19,42;9,488769096;28,165;46,936;52,69;17,82;11,18;2018
11/01/2018;48,17625;59,02;33;9,4264682;34,88;52,632;57,66;16,16;11,57;2018
12/01/2018;44,9075;52,45;33,08;6,839490351;35,58;48,262;52,44;12,51;8,57;2018
13/01/2018;39,26041667;51,02;32;5,771349386;35,17;44,988;51,02;18,57;12,68;2018
14/01/2018;36,09375;49,79;27,01;5,870848256;30,25333333;43,752;49,79;19,53;11,28;2018
15/01/2018;40,99666667;54,19;23,16;9,787207119;27,32;46,272;53,55;12,85;14,03;2018
16/01/2018;33,44291667;48,45;5,87;12,99833551;13,575;42,588;48,45;19,36;12,61;2018
17/01/2018;36,8475;52,23;15,25;11,62296387;18,46;46,17;52,23;19,39;12,12;2018
18/01/2018;35,69375;52,51;7,46;12,75352119;16,51833333;46,294;52,51;17,93;19,62;2018
19/01/2018;40,95333333;51,94;29,49;7,379866658;30,97166667;44,346;49,74;9,72;8,94;2018
20/01/2018;36,85583333;49,38;25,72;6,533780394;28,45166667;42,654;49,38;19,44;5;2018
21/01/2018;34,17875;48,08;19,99;6,618427708;26,56;40,876;48,08;19,61;12,31;2018
22/01/2018;37,82083333;51;7,59;12,74878985;18,605;46,072;51;17,92;13,53;2018
23/01/2018;38,075;52,74;21,22;7,777135943;29,85166667;38,52;42,9;2,9;11,3;2018
24/01/2018;29,5625;45,58;11,23;11,14792757;14,05333333;35,022;43,72;14,8;13,57;2018
25/01/2018;35,55583333;53,23;8,76;13,67814122;15,45166667;47,044;53,23;23,69;15,3;2018
26/01/2018;45,18333333;54,72;32,8;7,816472387;34,44166667;48,876;54,7;14,79;11,36;2018
27/01/2018;36,71041667;47,19;31,47;4,897285388;33,35333333;36,588;39,7;7,19;8,8;2018
28/01/2018;24,48833333;40,77;9,25;8,896540445;21,06666667;33,588;40,77;26,62;12,75;2018
29/01/2018;36,6725;50,18;10,01;11,30131668;21,18666667;42,606;49,99;13,17;16,07;2018
30/01/2018;40,5525;57,97;18,95;9,935128826;26,71166667;49,618;57,97;19,07;10,89;2018
31/01/2018;32,95125;44,95;19,53;5,743050479;25,42;38,888;44,95;11,4;8,21;2018
01/02/2018;39,63416667;50,45;21,92;9,402108883;25,65166667;45,194;50,45;17,65;14,92;2018
02/02/2018;41,1375;49,23;29,74;6,297806554;32,23;45,172;48,02;10,56;8,39;2018
03/02/2018;41,29791667;50,54;33,73;5,154065495;35,66833333;46,236;50,54;15,81;6,42;2018
04/02/2018;38,21708333;50,88;31,81;5,103012307;33,63;44,344;50,88;14,18;8,99;2018
05/02/2018;45,50375;58,99;30,58;9,621233679;32,66833333;51,81;58,99;17,58;13,05;2018
06/02/2018;50,94958333;65,5;34,96;9,80004724;37,05666667;58,75;65,5;20,81;12,08;2018
07/02/2018;50,92625;65,62;34,8;9,241244417;38,42333333;58,704;65,62;17,95;11,88;2018
08/02/2018;54,79916667;71,19;40,88;9,724525211;42,94666667;63,422;71,19;22,14;13,29;2018
09/02/2018;47,0425;55,97;37,21;5,494655308;41,35;50,8;55,97;4,11;10,74;2018
10/02/2018;41,68083333;49,9;35,6;4,123835189;37,88;41,836;45,44;7,16;6,42;2018
11/02/2018;34,13833333;48,49;10,7;10,57104646;23,11333333;43,072;48,49;23,13;9,23;2018
12/02/2018;48,71083333;64;37,3;7,5227261;39,43666667;55,414;64;13,87;11,6;2018
13/02/2018;43,06875;58,92;32,04;7,08459401;34,83333333;51,18;58,92;14,32;10,13;2018
14/02/2018;44,31208333;58,8;35,58;6,7293032;37,085;45,862;52,08;9,26;9,33;2018
15/02/2018;42,74166667;55,52;21,13;8,736814496;30,86;48,184;55,52;14,3;11,38;2018
16/02/2018;43,24625;53,62;32,29;6,615642736;34,92333333;47,13;51,68;10,74;9,31;2018
17/02/2018;41,15125;49,77;33,62;5,146212886;35,85166667;46,178;49,77;14,33;6,47;2018
18/02/2018;39,6025;50,49;34,38;4,632828275;37,89833333;46,274;50,49;13,63;6,65;2018
19/02/2018;51,32666667;67,84;35,07;9,59568638;37,88333333;59,754;67,84;19,35;10,84;2018
20/02/2018;49,63958333;61,92;36,26;8,473503705;39,06666667;53,644;60,48;13,29;12,86;2018
21/02/2018;49,21583333;60,69;37,33;7,83094026;39,585;54,992;60,36;13,28;13,48;2018
22/02/2018;52,14083333;61,61;39,94;7,399108005;42,615;58,636;61,61;10,05;9,26;2018
23/02/2018;52,49625;63,79;42,9;7,076528756;46,25333333;57,526;63,79;9,62;9,56;2018
24/02/2018;53,33583333;61,96;40,62;5,866245312;49,15666667;54,792;61,96;4,52;7,76;2018
25/02/2018;44,78958333;62,83;31,07;9,361834398;43,22166667;55,65;62,83;20,38;13,81;2018
26/02/2018;61,3125;90,33;44,07;11,39814411;47,72333333;74,378;90,33;27,03;18,9;2018
27/02/2018;84,99041667;159,4;54,93;29,29527258;59,77166667;116,676;159,4;82,2;80,36;2018
28/02/2018;80,46875;120,1;58,93;16,8614034;71,81;83,176;105,54;10,79;24,68;2018
01/03/2018;85,30208333;115,41;60,4;15,96168673;71,14666667;88,322;106,15;5,1;26,43;2018
02/03/2018;83,73458333;133,39;39,5;25,36130603;51,54833333;101,896;133,39;23,13;35,57;2018
03/03/2018;46,64583333;63,14;36,23;7,184022076;42,24;52,22;63,14;13,61;10,62;2018
04/03/2018;43,32;53,21;35,95;4,676949024;40,4;46,958;53,21;6,74;7,37;2018
05/03/2018;55,09083333;83,61;33;13,93167112;36,73333333;70,776;83,61;36,16;14,74;2018
06/03/2018;50,49625;65,19;36,61;9,550822324;37,80666667;57,234;64,63;14,2;11,76;2018
07/03/2018;48,8125;64,34;36,91;8,4418905;38,495;54,588;64,34;14,26;9,16;2018
08/03/2018;45,80166667;58,15;33,29;6,457498955;37,94166667;49,612;58,15;4,1;8,63;2018
09/03/2018;42,45208333;53,12;27,29;6,280623051;33,93166667;47,792;53,12;8,36;7,74;2018
10/03/2018;34,12708333;44;24,86;4,385984079;29,36;39,176;44;12,38;8;2018
11/03/2018;27,065;40,77;10,44;6,965005696;26,48833333;33,286;40,77;13,78;14,58;2018
12/03/2018;38,85458333;62;9,56;12,82404229;20,65;50,586;62;8,23;22,97;2018
13/03/2018;47,78833333;71,6;26,2;11,75479242;31,42;59,642;71,6;14,18;16,36;2018
14/03/2018;47,14458333;70,56;25,36;11,61728397;35,29666667;52,426;62,81;13,81;14,7;2018
15/03/2018;37,40083333;72,85;8,58;14,169824;20,44666667;50,368;72,85;14,16;24,85;2018
16/03/2018;47,15708333;62,79;29,97;8,547760184;37,37333333;51,524;62,79;3,45;14,88;2018
17/03/2018;51,58833333;73,61;36,46;8,679720826;44,52666667;56,95;73,61;-5,4;26,48;2018
18/03/2018;41,06;52,11;20,1;7,400807829;40,32833333;44,164;52,11;2,78;12,25;2018
19/03/2018;54,33916667;98,19;37,5;14,11409561;39,715;67,704;98,19;19,45;25,19;2018
20/03/2018;48,84166667;74,8;36,59;12,56082061;38,46;57,53;74,8;5,44;17,88;2018
21/03/2018;55,71416667;78,91;40,07;11,74945361;42,375;65,486;78,91;12,73;15,77;2018
22/03/2018;61,35916667;93,8;44,66;12,8695015;49,60333333;71,264;93,8;7,86;23,54;2018
23/03/2018;54,0975;77,81;40,35;10,21760427;41,12;63,092;77,81;4,86;17,08;2018
24/03/2018;45,87958333;67,62;38,14;7,24438822;40,46;55,438;67,62;19,2;11,69;2018
25/03/2018;43,0625;54,02;34,9;5,919334753;40,33666667;46,108;54,02;3,38;7,96;2018
26/03/2018;53,22791667;79,47;37,25;11,95876283;39,37333333;56,834;62,49;-0,52;16,44;2018
27/03/2018;45,97708333;67,48;34,92;8,632519144;37,12;45,704;50,41;-6,47;11,96;2018
28/03/2018;43,47125;56,8;31;7,553256316;33,32;42,35;45,99;-1,78;8,75;2018
29/03/2018;45,29125;71,35;25,22;12,91007571;30,535;51,61;62,69;-1,63;17,61;2018
30/03/2018;40,50083333;52,83;30,79;7,781403649;35,055;41,576;49,14;-0,55;13,97;2018
31/03/2018;34,29125;44,45;25,73;6,330827484;31,22333333;38,3;44,22;6,65;8,89;2018
01/04/2018;27,59041667;42,8;13,72;8,194502653;27,68666667;34,166;42,8;7,47;10,74;2018
02/04/2018;28,40083333;37,66;19,23;6,366736873;21,92166667;33,62;37,66;6,5;6,94;2018
03/04/2018;37,59291667;56,47;10,68;12,64963463;19,175;45,072;49,95;7,7;20,1;2018
04/04/2018;36,83375;55,51;13,91;10,22533929;23,46;42,094;43,74;-0,35;14,55;2018
05/04/2018;41,6975;55,92;21,06;10,2646702;27,16;44,738;49,4;5,89;10,97;2018
06/04/2018;35,57333333;55,05;19,66;8,921622813;27,43833333;38,534;42,99;-4,42;10,61;2018
07/04/2018;27,16375;43,65;11,5;10,08252548;19,97166667;36,362;43,65;14,44;9,31;2018
08/04/2018;24,81625;41,68;9,39;10,1024981;25,74166667;32,488;41,68;5,78;11,35;2018
09/04/2018;44,5425;62,13;31,65;9,05493872;33,18333333;47,268;50,28;-0,3;10,75;2018
10/04/2018;41,77875;55,61;25,92;8,719626195;29,17666667;45,838;49,63;1,91;8,86;2018
11/04/2018;39,60791667;59,41;20,48;10,2952036;25,73;40,076;42,38;2,13;10,78;2018
12/04/2018;45,11875;62,88;22,72;10,57461329;30,265;47,49;49,49;5,03;12,75;2018
13/04/2018;44,66541667;65,04;29,21;9,319158377;35,14333333;43,764;46,49;-3,37;9,81;2018
14/04/2018;36,775;46,29;28,61;5,861296785;32,25666667;42,126;46,29;6,48;8,91;2018
15/04/2018;26,38166667;38,91;9,34;8,040379434;29,565;26,808;31,95;3,68;11,45;2018
16/04/2018;46,84666667;64,99;32,77;8,638590196;34,96166667;50,252;55;1,29;9,8;2018
17/04/2018;43,8525;56,17;33,18;7,874888129;35,13833333;51,606;56,17;2,63;12,5;2018
18/04/2018;41,29291667;55,43;32,54;7,070057794;33,88666667;46,61;50,91;0,25;9,18;2018
19/04/2018;40,355;52,52;27,65;7,188585759;31,865;47,564;52,52;1,24;9,51;2018
20/04/2018;39,30291667;49,97;28,85;6,286002033;32,33666667;42,038;46,18;-2,27;9,31;2018
21/04/2018;24,20166667;41,24;11,54;7,498428628;21,00166667;30,058;41,24;17,05;11,91;2018
22/04/2018;15,75375;36,96;2,42;10,68513466;13,315;25,64;36,96;9,61;19,46;2018
23/04/2018;35,505;47,85;11,1;11,01123813;20,05;41,968;45,6;0,56;16,96;2018
24/04/2018;35,47791667;47,09;23,4;7,728694124;26,47333333;42,566;47,09;5,16;10,76;2018
25/04/2018;28,48375;41,46;18,14;6,905350674;21,125;29,928;34,48;-1,33;12,55;2018
26/04/2018;32,59166667;45,21;11,08;9,509394744;22,62666667;38,048;42;0,28;13,64;2018
27/04/2018;35,32541667;54,08;11,72;10,74358412;26,51833333;34,428;45,86;-20,21;20,89;2018
28/04/2018;23,74;45,13;10,42;8,936525441;20,74;26,216;38,66;-3,65;10,37;2018
29/04/2018;12,29625;22,45;5;5,925719778;11,23833333;13,116;22,35;2,1;7,49;2018
30/04/2018;17,53875;34,43;3,34;10,05510915;9,306666667;29,062;34,43;17,26;12,15;2018
01/05/2018;13,35916667;33,77;-7,17;13,21779595;13,43333333;22,108;33,77;12,92;11,46;2018
02/05/2018;40,66333333;51,73;26,3;7,690006313;29,96333333;46,816;48,23;2,32;15,13;2018
03/05/2018;40,31958333;56,73;25,65;8,052349092;30,61666667;40,84;45,99;-3,54;11,55;2018
04/05/2018;36,08;50,64;24,1;7,423531915;30,35833333;32,002;39,17;-1,86;11,44;2018
05/05/2018;27,48125;40,41;17,75;7,037360741;25,86833333;31,842;37,95;2,9;6,17;2018
06/05/2018;21,39375;35,89;5;8,048529335;25,64;27,616;31,49;9,41;11,6;2018
07/05/2018;40,235;56,95;21,18;9,647373601;26,70166667;48,186;56,95;2,61;14,81;2018
08/05/2018;30,88291667;45,68;22,16;5,788334204;26,11666667;32,11;35,49;-3,41;11,01;2018
09/05/2018;38,53375;52,87;22,09;9,077105367;26,79333333;47,71;52,87;9,72;11,17;2018
10/05/2018;25,00041667;42,93;13,12;8,823612826;25,30833333;29,324;32,9;11,8;10,18;2018
11/05/2018;42,09041667;58,12;26,2;9,52032904;31,41;53,742;58,12;18,32;7,84;2018
12/05/2018;30,38708333;36,19;21,03;4,153838957;26,365;29,704;32,37;-0,6;9,23;2018
13/05/2018;17,16583333;32,88;7,24;8,161400091;16,29333333;23,174;30,66;9,66;8,35;2018
14/05/2018;34,2175;58,01;12,12;12,72491232;20,24666667;34,368;42,11;6,47;30,38;2018
15/05/2018;44,01375;58,6;28,02;8,643845668;32,91833333;47,462;50;6,89;13,59;2018
16/05/2018;36,51083333;57,67;24,36;10,0369322;28,84666667;30,248;40,58;1,5;21;2018
17/05/2018;34,61708333;47,29;15,93;9,216605279;22,99833333;40,028;44,51;18,17;19,59;2018
18/05/2018;39,64916667;59,35;21,93;9,83280663;30,37166667;37,382;41,23;1,57;12,2;2018
19/05/2018;21,89333333;40;11,97;7,692419005;20,215;22,49;30,47;7;9,53;2018
20/05/2018;12,23041667;32,31;-4,9;9,950979624;11,42166667;17,78;23,86;13,51;13,29;2018
21/05/2018;13,90458333;37,59;0,48;12,59423919;13,61666667;23,018;28,51;19,72;12,4;2018
22/05/2018;46,76833333;59,66;20,28;10,55952966;30,96166667;53,814;59,66;9,99;14,96;2018
23/05/2018;44,09208333;65,99;23,79;9,419434571;33,235;44,906;49,29;8,65;16,57;2018
24/05/2018;42,60333333;53,77;23,66;8,481148746;31,24666667;48,71;53,77;14,28;11,63;2018
25/05/2018;42,33041667;53,68;29,22;7,003588198;33,08833333;43,454;51,22;-0,45;12,03;2018
26/05/2018;33,94791667;45,48;25,35;6,03741233;30,99333333;39,232;44,53;13,2;6,52;2018
27/05/2018;33,75041667;59,2;23,57;10,62092786;31,06333333;42,726;46,07;19,93;14,68;2018
28/05/2018;48,7175;64,21;22,87;13,2314409;29,28;55,186;64,21;28,06;29,28;2018
29/05/2018;47,31166667;63,31;21,07;11,45348805;30,31;54,456;56,44;16,04;13,32;2018
30/05/2018;48,72333333;65,15;25,02;12,93298401;31,34833333;56,016;65,15;35,09;21,64;2018
31/05/2018;46,36375;59,91;21,26;10,94264804;33,02;50,452;58,49;25,13;13,93;2018
01/06/2018;46,69916667;63,56;21,29;12,04365751;31,065;48,906;55,78;6,65;24,55;2018
02/06/2018;28,26666667;47;14,95;8,473464292;24,03;28,194;32,09;11,98;17,68;2018
03/06/2018;22,4475;39,09;8,77;9,154472535;21,22;29,468;36,37;17,99;8,9;2018
04/06/2018;47,08083333;61,79;11,21;15,74227206;25,06166667;57,402;61,79;26,41;22,37;2018
05/06/2018;52,46833333;63,9;32,64;9,08795221;39,22166667;57,384;62,7;9,2;10,74;2018
06/06/2018;51,29916667;65,65;31,73;9,858605121;37,31333333;59,04;63,31;18,38;14,05;2018
07/06/2018;52,45291667;65,51;34,27;8,704294032;40,21166667;59,558;65,51;21,43;11,61;2018
08/06/2018;49,65375;63,56;33,7;7,788977615;39,53333333;49,64;53,02;1,2;10,01;2018
09/06/2018;39,74958333;50;31,27;5,122881729;36,36166667;42,42;45,82;12,5;8,93;2018
10/06/2018;35,26833333;53,67;21,14;9,195000374;30,32666667;43,83;49,96;18,32;8,69;2018
11/06/2018;48,06083333;63,44;20,79;12,1980629;30,55166667;52,632;54,94;12,16;15,55;2018
12/06/2018;48,28166667;59,46;24,27;10,44562512;33,16166667;52,07;54,08;15;17,09;2018
13/06/2018;48,72083333;55,77;33,28;7,241856546;38,18333333;52,674;54,94;9,62;10,97;2018
14/06/2018;46,005;57,44;28,39;8,833357233;35,55833333;53,088;57,02;18,2;13,83;2018
15/06/2018;50,93875;61,9;28,61;10,22558442;35,815;56,372;56,69;13,73;17,42;2018
16/06/2018;38,55;46,8;28,13;5,409153273;34,12;43,376;46,8;10,35;7,3;2018
17/06/2018;24,36833333;45,22;7,44;11,82750577;27,82166667;31,5;39,59;10,29;10,42;2018
18/06/2018;45,73541667;55,48;29,22;7,716889427;34,36833333;49,682;51,65;9,69;13,67;2018
19/06/2018;49,82416667;59,01;29,87;9,063197399;36,31333333;56,216;59,01;12,96;7,92;2018
20/06/2018;47,43625;59,06;34,34;7,086508193;38,495;52,362;59,06;8,08;12,39;2018
21/06/2018;35,24041667;57,47;23,34;9,154516813;30,575;30,75;33,61;-13,02;13,31;2018
22/06/2018;26,28125;35,52;9,28;7,332394657;17,72333333;28,876;31,94;6,43;11,78;2018
23/06/2018;28,58541667;45,99;18,19;7,564515548;25,64;31,974;33,83;12,34;12,67;2018
24/06/2018;30,19041667;39,12;22,76;4,968871343;32,015;32,622;37,77;7,68;6,7;2018
25/06/2018;46,42708333;56,21;32,06;7,246234092;35,95666667;49,552;53,22;0,75;14,12;2018
26/06/2018;48,96541667;56,5;37,65;5,65895057;40,28166667;52,552;56,13;3,57;7,37;2018
27/06/2018;49,54083333;60,99;38,2;6,461699815;40,44166667;52,328;55,01;1,18;7,3;2018
28/06/2018;45,21875;58,08;31,62;7,258617255;36,11;47,272;48,94;13,63;12,82;2018
29/06/2018;46,87958333;59,75;35,14;6,916952382;39,17333333;49,1;52,37;3,23;9,89;2018
30/06/2018;42,76;48,85;30,76;4,862178792;37,75;46,99;48,85;6,17;10,44;2018
01/07/2018;31,41083333;52,01;18,72;11,56342319;28,965;42,976;49,67;18,76;13,82;2018
02/07/2018;52,52875;62,47;38,03;8,245558126;39,50666667;60,184;62,47;12,98;10,42;2018
03/07/2018;57,48416667;65;41,71;8,363717146;44,25666667;62,764;63,17;12,93;7,76;2018
04/07/2018;57,65;66,03;44,99;6,898032486;47,00833333;60,112;60,83;8,28;7,43;2018
05/07/2018;55,69375;62,12;42,98;7,351008102;44,405;59,912;62,12;10,1;8,73;2018
06/07/2018;52,03875;60,32;41,83;6,491389824;43,425;54,288;58,79;9,69;9,75;2018
07/07/2018;43,38666667;56,34;35,96;5,857155168;40,02833333;48,3;54,98;5,52;9,93;2018
08/07/2018;37,60625;61,4;22,64;11,48665987;39,35166667;44,706;50,17;13,02;14,16;2018
09/07/2018;51,63916667;59,41;40,94;5,988066333;42,44666667;53,952;59,41;2,81;7,27;2018
10/07/2018;53,32666667;58,9;41,7;5,664104877;44,21833333;56,276;57,5;6,44;6,21;2018
11/07/2018;52,9025;57,77;43,33;5,131274314;44,84166667;56,46;57,77;5,47;7,64;2018
12/07/2018;53,39208333;58,9;43,91;4,957019598;45,78;56,678;58,64;5,27;6,89;2018
13/07/2018;52,06458333;57,98;43,14;5,120444936;46,13166667;55,798;57,96;4,06;7,62;2018
14/07/2018;48,84208333;58,12;42,29;5,227496682;46,14333333;54,112;57,55;10,91;6,24;2018
15/07/2018;46,32;58,98;40,7;6,175386628;44,42333333;52,056;56,23;10,23;9,69;2018
16/07/2018;53,77625;62,82;39,54;6,786759368;42,87333333;59,132;62,82;6,29;9,98;2018
17/07/2018;52,14583333;59,44;42,23;5,688953382;43,22166667;56,13;58,56;3,98;8,4;2018
18/07/2018;50,7875;59,4;40,89;5,783491686;42,005;56,704;59,4;10,47;7,65;2018
19/07/2018;52,18625;59,38;41,39;5,676010397;43,71;57,726;59,38;6,94;8;2018
20/07/2018;53,74875;58,95;44,05;5,078400392;45,73666667;57,888;58,95;6,03;7,43;2018
21/07/2018;50,69875;57,48;44,06;4,849693233;46,31;54,6;55,22;10,96;6,03;2018
22/07/2018;47,04333333;59,41;41,25;6,108960394;45,65666667;52,62;57,21;5,89;7,18;2018
23/07/2018;55,10458333;61,45;44,5;5,329584354;46,79666667;59,678;61,45;6,85;5,89;2018
24/07/2018;57,71791667;65,51;45,09;6,338719511;48,155;64,158;65,51;10,2;6,66;2018
25/07/2018;59,27666667;67;48,23;6,68405804;49,03666667;65,904;67;10,09;7,25;2018
26/07/2018;60,0625;69,3;46,35;8,11778094;47,335;66,924;69,3;14,91;8,49;2018
27/07/2018;56,53791667;64,37;44,72;6,426857356;46,9;61,65;63,12;10,61;8,4;2018
28/07/2018;47,09166667;53,76;41,81;4,426060832;43,72;50,784;53,09;5,52;4,89;2018
29/07/2018;45,28083333;57,94;36,76;6,93666059;44,215;52,774;57,94;8,64;8,72;2018
30/07/2018;55,415;64,63;44,26;6,735392568;45,35833333;62,88;64,63;10,24;7,52;2018
31/07/2018;56,82375;65,96;44,03;7,996484995;45,63666667;64,534;65,96;13,15;10,57;2018
01/08/2018;56,65791667;65,87;44,12;7,373417578;45,51333333;64,298;65,87;15,6;9,04;2018
02/08/2018;60,30666667;69,41;45,21;8,042018818;47,935;67,726;69,41;14,92;9,15;2018
03/08/2018;64,21791667;75,49;48,35;8,69776632;50,54;71,216;75,49;11,81;9,06;2018
04/08/2018;51,41833333;56,57;45,05;3,411092732;49,82666667;53,256;56,26;2,8;4,6;2018
05/08/2018;50,98583333;67,59;44,11;7,987634964;47,81333333;58,842;65,69;6,86;9,49;2018
06/08/2018;62,96791667;79,31;45,08;9,994216144;49,29166667;74,73;79,31;19,64;10,56;2018
07/08/2018;63,09041667;75,42;46,41;8,779743226;49,33;70,958;75,42;17,43;6,48;2018
08/08/2018;56,78625;68,01;43,9;8,416410374;46,33166667;65,748;68;14,55;8,4;2018
09/08/2018;53,60333333;64,88;31,43;8,958040191;41,64333333;54,912;58,76;6,71;14,71;2018
10/08/2018;47,755;61,95;24,91;10,11022599;34,96666667;57,228;61,95;13,28;13,18;2018
11/08/2018;48,065;61,14;40,64;6,778274117;43,38;54,962;60,58;8,8;7,66;2018
12/08/2018;43,51791667;63,02;24,6;11,37653075;44,075;55,134;63,02;9,72;12,48;2018
13/08/2018;56,21958333;62,23;44,06;6,309300574;46,29333333;60,406;62,09;6,22;7,1;2018
14/08/2018;55,51;64,39;45,7;7,616777819;47,225;60,254;63,53;6,42;8,97;2018
15/08/2018;53,255;65;44,43;7,030556908;47,03166667;61,864;65;12,89;9,21;2018
16/08/2018;56,50583333;67,06;46,51;7,288992247;48,21166667;65,682;67,06;10,7;10,37;2018
17/08/2018;58,84791667;64,6;46,5;6,281014858;50,28833333;64,222;64,6;7,82;8,56;2018
18/08/2018;54,65125;65,04;47,05;6,434300957;49,26166667;62,332;65,04;14,25;7,01;2018
19/08/2018;50,14583333;64,6;40,7;8,264484474;48,68833333;58,66;64,23;11,01;9,22;2018
20/08/2018;60,78833333;67,41;43,6;8,275643501;48,195;65,87;67,03;11,21;8,48;2018
21/08/2018;67,77416667;78,79;50,27;9,084965563;53,73666667;73,996;76,52;9,9;10,31;2018
22/08/2018;68,90875;83,93;49,67;9,063494053;56,015;78,47;83,93;11,09;10,98;2018
23/08/2018;66,95625;74,19;52,5;7,072921303;55,83;72,834;74,19;6,35;9,14;2018
24/08/2018;62,16458333;68,84;49,62;6,517908426;52,65666667;65,25;68,47;3,24;10,16;2018
25/08/2018;59,545;67,99;50,86;5,684836428;54,55333333;64,968;67,99;12,99;5,13;2018
26/08/2018;53,80166667;70;43,01;7,893267724;51,13833333;63,03;70;11,07;13,48;2018
27/08/2018;61,64083333;74,83;28,79;13,96822229;43,075;72,4;74,83;19,07;17,83;2018
28/08/2018;68,12458333;82,51;53,97;7,612678772;57,21833333;76,682;82,51;10,28;6,37;2018
29/08/2018;68,23833333;76,58;51,15;8,937945327;53,635;73,342;74,9;7,88;12,8;2018
30/08/2018;68,70375;76,75;50,5;8,545261495;55,23;73,53;74,83;9,51;8,14;2018
31/08/2018;67,53083333;74,4;52,09;7,239696677;57,06666667;72,09;73,31;8,02;10,57;2018
01/09/2018;60,90875;71,14;52,69;6,317112241;53,90666667;68,052;71,14;13,55;6,97;2018
02/09/2018;54,93125;70,67;46,37;7,23382352;51,01833333;64,138;70,67;15,2;8,27;2018
03/09/2018;65,1425;73,91;49,72;8,56356247;52,32333333;71,416;72,99;5,26;15,33;2018
04/09/2018;67,20916667;75;51,24;8,55041922;53,31666667;73,998;75;6,9;12,49;2018
05/09/2018;69,64833333;79,62;52,66;9,627090249;53,91;77,462;79,62;5,22;16,22;2018
06/09/2018;67,12791667;75,57;52,31;8,450778189;53,805;73,65;74,3;4,91;14,34;2018
07/09/2018;65,62208333;79,99;53,37;7,716380645;56,15333333;67,554;72,01;0,24;11,1;2018
08/09/2018;58,35041667;74,91;47,52;9,000391044;49,94333333;70,162;74,91;18,81;9,67;2018
09/09/2018;51,14;74,42;33,81;13,06864751;43,16666667;68,864;74,42;25,35;12,39;2018
10/09/2018;66,43;79,93;47,47;10,21802457;51,34833333;76,122;79,93;5,16;18,39;2018
11/09/2018;64,40083333;79;42,08;10,36262218;50,055;74,322;79;10,31;16,07;2018
12/09/2018;68,67666667;80,08;49,52;9,448984609;54,27666667;77,28;80,08;5,48;16,06;2018
13/09/2018;71,24041667;81,26;53,45;9,339139463;55,98;77,266;78,8;5,49;13,34;2018
14/09/2018;66,05208333;78,46;50,27;9,652133794;53,13833333;69,788;74,91;2;14,81;2018
15/09/2018;55,07458333;74,64;43,86;8,556530676;48,45833333;65,232;74,64;12,77;11,02;2018
16/09/2018;47,22958333;74,8;27,55;13,7084593;41,675;65,264;74,8;30,23;14,04;2018
17/09/2018;65,3675;81,82;42,29;12,30385703;46,36;77,516;81,82;7,13;20,85;2018
18/09/2018;62,13958333;81,1;41,46;12,11578506;45,685;75,118;81,1;14,2;14,71;2018
19/09/2018;62,57291667;80,01;43,09;12,55151038;46,14166667;72,232;79,87;9,19;14,75;2018
20/09/2018;62,62916667;79,65;42,12;11,76475426;46,17666667;74,428;79,65;8,12;17,59;2018
21/09/2018;60,49333333;75,79;28,81;14,32558055;42,16666667;69,452;75,79;13,29;19,91;2018
22/09/2018;64,27083333;77,08;42,04;10,99717905;49,61;73,314;77,08;23,29;10,24;2018
23/09/2018;49,61333333;67,36;32,08;10,57878955;39,70833333;56,416;67,36;21,49;16,68;2018
24/09/2018;66,19875;81,17;38,23;12,51598537;47,14166667;73,192;78,3;11,22;18,47;2018
25/09/2018;65,12416667;89,01;44,49;12,55905387;48,08666667;77,934;89,01;9,59;13,92;2018
26/09/2018;64,98875;79,99;35,7;12,35048822;47,82;74,31;79,99;14,28;14,89;2018
27/09/2018;64,49875;79,73;44,92;9,909783621;51,87166667;73,192;79,73;8,6;13,95;2018
28/09/2018;61,57208333;80;48,72;9,300026638;52,35833333;61,036;68,76;-3,21;14,87;2018
29/09/2018;60,46333333;77,49;47,81;8,224133451;52,86166667;69,958;77,49;15,61;12,06;2018
30/09/2018;55,81166667;74,39;41,45;9,496278752;51,01833333;66,866;74,39;16,29;9,59;2018
01/10/2018;65,29708333;84,97;47,38;10,18957971;52,35;70,22;75,67;0,8;17,52;2018
02/10/2018;66,64833333;81,12;48,29;9,640114859;53,2;75,48;81,12;15,76;15,25;2018
03/10/2018;69,08125;85,6;38,89;12,56145045;51,21666667;79,338;85,6;16;15,97;2018
04/10/2018;71,47416667;91,13;47,53;11,5653049;54,64166667;82,554;91,13;5,79;19,76;2018
05/10/2018;67,305;82,96;48,28;10,80270135;52,28166667;76,924;82,96;13,57;13,99;2018
06/10/2018;58,99083333;82,27;46,91;9,253782266;50,82166667;70,286;82,27;19,03;12,13;2018
07/10/2018;55,8475;80,94;42,5;11,13253838;47,48833333;70,992;80,94;25,4;14,52;2018
08/10/2018;71,075;102,29;47,32;13,3933267;54,46;85,328;102,29;22,43;17,04;2018
09/10/2018;74,92333333;110,28;52,6;15,46401901;56,41166667;91,348;110,28;15,73;20,28;2018
10/10/2018;68,06;93,22;53,53;11,5443617;54,915;70,666;79,28;-1,48;16,7;2018
11/10/2018;65,57416667;88,5;40,19;11,70732915;49,68666667;78,428;88,5;25,18;16,84;2018
12/10/2018;61,54666667;79,08;45,64;9,165768388;50,72166667;71,214;79,08;13,31;13,24;2018
13/10/2018;56,61916667;75,4;38,33;10,1276453;45,06666667;68,112;75,4;16,55;13,06;2018
14/10/2018;40,72083333;73,36;19,73;14,70229882;35,54666667;59,122;73,36;28,54;17,44;2018
15/10/2018;69,08;107,32;33;18,51643172;42,67166667;88,024;107,32;29,98;19,36;2018
16/10/2018;74,75958333;105,12;51;13,90214418;55,96833333;88,434;105,12;16,61;16,34;2018
17/10/2018;74,61916667;112,66;51,54;14,83686358;54,78666667;89,45;112,66;16,34;22,72;2018
18/10/2018;66,10041667;84,19;48,88;11,08953305;51,22833333;75,546;84,19;19,09;13,32;2018
19/10/2018;67,24291667;84,28;49,94;11,90883248;54,05666667;77,622;83,95;24,8;23,8;2018
20/10/2018;59,76541667;79,95;50;8,09646567;52,34333333;70,194;79,95;23,4;14,56;2018
21/10/2018;57,08583333;74,94;44,97;7,533572925;52,20333333;66,582;74,94;16,93;10,37;2018
22/10/2018;62,6775;83,91;39,75;11,7671999;47,17333333;74,046;83,91;18,91;15,49;2018
23/10/2018;63,82875;84,58;39,58;11,68427234;48,555;72,616;84,58;16,59;19,13;2018
24/10/2018;67,93708333;89,78;43,73;12,35506813;51,635;79,184;89,78;25,13;19,92;2018
25/10/2018;72,05833333;96,27;47,06;12,45125615;54,83833333;82,498;96,27;16,05;12,35;2018
26/10/2018;70,79875;88,17;50,39;10,68650686;59,35666667;76,06;87,35;7,93;10,27;2018
27/10/2018;65,75291667;84,24;53,07;8,619860525;56,96;75,982;84,24;25,73;12,44;2018
28/10/2018;53,36875;69,14;44;7,604593756;48,16333333;63,964;69,14;17,75;9,41;2018
29/10/2018;74,85875;120,55;36,33;21,85001548;45,34833333;98,03;120,55;60,33;21,87;2018
30/10/2018;73,52875;103,52;52,52;14,06742129;56,59333333;86,632;103,52;29,74;25,65;2018
31/10/2018;73,21833333;95,49;55,49;11,62956004;57,84;82,404;95,49;26,81;11,63;2018
01/11/2018;54,16416667;71,28;40,12;8,484448134;47,81;65,848;71,28;27,67;12,61;2018
02/11/2018;66,35833333;87,89;45,29;10,81991628;52,01166667;78,078;87,89;27,71;11,65;2018
03/11/2018;61,01833333;75,56;50,1;6,818568425;54,26333333;70,518;75,56;20,76;8,59;2018
04/11/2018;54,08916667;68,68;44,54;7,108366116;47,62833333;64,348;68,68;18,61;10,69;2018
05/11/2018;63,10541667;84,99;41,07;12,2377289;45,22166667;75,19;84,99;30,77;13,42;2018
06/11/2018;60,10916667;77,37;43,53;10,42429391;45,45833333;69,844;77,37;20,27;10,85;2018
07/11/2018;57,53375;73,57;39,37;10,34348684;42,865;67,01;73,57;22,78;11,2;2018
08/11/2018;63,32041667;90,06;44,33;12,05420673;47,07333333;76,794;90,06;32,95;15,81;2018
09/11/2018;60,48916667;72,56;47,64;8,203029619;49;64,34;69,72;6;11,16;2018
10/11/2018;51,375;68,1;38,05;8,663651705;42,14166667;61,018;68,1;28,45;8;2018
11/11/2018;50,03916667;68,31;34,38;9,875303371;41,49166667;62,796;68,31;32,82;13,09;2018
12/11/2018;63,12833333;78,04;42,41;10,23248309;47,63166667;71,834;78,04;13,36;17,08;2018
13/11/2018;65,20625;88,47;45,48;10,93024595;49,77333333;77,37;88,47;26,25;13,89;2018
14/11/2018;64,43791667;83,47;46,75;9,684236397;51,645;74,15;83,47;19,83;10,3;2018
15/11/2018;66,67458333;79,7;50,29;9,01336784;53,385;74,808;79,7;13,95;11,88;2018
16/11/2018;67,51291667;83,05;51,28;9,258551149;55,79;73,442;81,99;16,94;9,28;2018
17/11/2018;60,0125;70,01;49,12;5,18105936;55,51166667;65,896;70,01;14,12;6,75;2018
18/11/2018;57,405;70,25;47,47;7,925121313;51,93833333;67,308;70,25;22,24;10,24;2018
19/11/2018;74,33125;101;55,1;11,374866;59,91666667;87,158;101;31;12,66;2018
20/11/2018;95,545;227,22;51,87;40,272441;57,625;144,38;227,22;158,13;92,45;2018
21/11/2018;114,9125;259,95;57,72;50,8199966;62,26333333;157,986;259,95;178,86;94,26;2018
22/11/2018;102,2520833;208,87;56,6;39,23623824;61,86;140,37;208,87;127,79;60,94;2018
23/11/2018;84,65916667;109,57;59,41;17,99982679;61,77666667;92,73;109,57;33,65;23,93;2018
24/11/2018;66,19333333;89,86;54,01;8,638027989;57,53;75,664;89,86;32,08;11,68;2018
25/11/2018;59,34041667;73,1;48,07;7,645716322;50,34833333;69,526;73,1;24,01;6,18;2018
26/11/2018;89,805;202,52;45,18;36,77127258;49,70666667;134,68;202,52;131,84;53,58;2018
27/11/2018;77,56166667;100;51,67;16,75799917;55,49833333;82,228;98,27;20,53;21,13;2018
28/11/2018;62,2975;72,37;46,88;7,880779729;50,33166667;68,536;72,37;14,74;10,35;2018
29/11/2018;62,51375;75,28;46,03;8,440252836;49,825;70,758;75,28;16,13;9,67;2018
30/11/2018;62,30333333;76,33;39,78;9,82633669;48,22166667;70,382;76,33;21,13;12;2018
01/12/2018;57,52916667;67,09;40,64;6,446848179;53,11;58,326;67,09;11,19;16,04;2018
02/12/2018;44,785;59,03;28,99;8,898608587;35,65666667;53,508;59,03;28,23;8,41;2018
03/12/2018;52,49666667;70,15;21,1;14,61767027;30,91666667;65,064;70,15;15,81;23,19;2018
04/12/2018;60,36166667;73,98;34,1;13,26946042;39,85166667;69,294;73,98;18,98;13,91;2018
05/12/2018;59,54583333;69,94;44,56;9,942039383;46,51666667;61,872;69,45;11,01;10;2018
06/12/2018;57,56666667;67,83;41,97;9,782465532;43,44;62,384;67,83;13,79;10;2018
07/12/2018;48,82416667;64,62;28,99;10,39654203;34,56166667;54,57;61,61;13,04;14,61;2018
08/12/2018;27,93583333;46,13;9,97;10,41658206;15,47166667;34,904;46,13;28,49;9,41;2018
09/12/2018;26,63958333;53,89;1,82;16,0704318;10,90666667;44,9;53,89;45,11;12,12;2018
10/12/2018;51,76041667;69,71;10,71;19,19392465;22,59333333;64,554;69,71;23,26;17,89;2018
11/12/2018;62,88125;81,36;44,02;10,24764589;47,40666667;72,028;81,36;16,09;11,43;2018
12/12/2018;71,36541667;90,12;48,28;14,58788866;50,625;77,334;89,86;16,98;18,58;2018
13/12/2018;70,11625;88,8;48,28;12,45199401;51,96;81,076;88,8;24,39;13,23;2018
14/12/2018;75,75583333;97,29;50,18;13,15722877;57,57666667;84,048;97,29;20,47;12,45;2018
15/12/2018;60,71333333;70,49;50,81;6,400533719;55,29333333;62,5;69,83;18,07;10,58;2018
16/12/2018;57,52583333;71,1;46;7,756224943;48,72833333;67,218;71,1;21,99;8,56;2018
17/12/2018;70,33458333;83,76;49,05;12,85266915;50,745;77,04;81,63;16,23;13,12;2018
18/12/2018;62,02583333;74,63;49;8,142018186;50,58666667;64,782;67,65;8,42;12,42;2018
19/12/2018;61,15791667;69,89;44,71;9,443847309;47,365;66,378;69,8;17,53;11,48;2018
20/12/2018;59,64583333;68,49;47,5;8,196856193;48,50833333;63,258;68,49;12,77;10,57;2018
21/12/2018;53,66541667;64,64;38,02;8,569265089;42,76666667;57,184;64,25;11,57;13,07;2018
22/12/2018;45,00041667;68,07;6,92;19,76192573;17,88;61,842;68,07;47,35;14,2;2018
23/12/2018;45,32083333;68,25;19,46;12,5967832;35,42333333;60,932;68,25;48,55;14,52;2018
24/12/2018;50,67583333;69;18,89;13,00953828;33,15;61,326;69;30,03;12,25;2018
25/12/2018;39,31166667;59,48;18,37;13,37762917;31,77;55,034;59,48;38,31;15,24;2018
26/12/2018;52,93958333;70,15;26,08;13,21138918;34,66;66,116;70,15;28,89;10,27;2018
27/12/2018;61,91375;71,97;46,25;8,757311883;48,875;69,304;71,97;20,36;10,79;2018
28/12/2018;61,10208333;70,16;48,07;7,4186293;50,38;66,602;70,16;18,13;10,77;2018
29/12/2018;52,73625;62,09;44,89;5,404759426;47,595;55,358;62,09;14,08;8,15;2018
30/12/2018;47,60958333;64,76;25,64;11,34642195;38,34833333;60,566;64,76;35,25;10,92;2018
31/12/2018;55,75304348;68,01;45,47;7,67795157;47,272;57,756;68,01;17,86;6,68;2018
31/12/2018;51;51;51;;51;;#NAME?;;;2019
01/01/2019;41,48625;65,56;20,9;14,26371371;35,48;58,236;65,56;41,75;18,36;2019
02/01/2019;54,08666667;69,3;25,84;12,21463294;36,16166667;64,944;69,3;18,2;20,38;2019
03/01/2019;61,64958333;73,43;43,88;9,809168949;46,86;69,046;73,43;18,74;11,89;2019
04/01/2019;65,64875;77,23;47;9,364798711;52,73166667;73,058;77,23;17,69;11,76;2019
05/01/2019;62,33833333;69,12;52,57;5,445938787;57,88333333;66,606;69;16,43;8,89;2019
06/01/2019;55,65458333;67,37;47,17;6,118436842;51,15333333;63,878;67,37;19,18;8,72;2019
07/01/2019;62,78458333;74,93;46,08;9,480076123;48,63333333;67,826;70,39;14,62;12,84;2019
08/01/2019;57,76041667;70;27,4;13,10428124;38,35;66,228;70;18,09;13,97;2019
09/01/2019;58,46125;69,01;27,83;11,92258701;41,65833333;66,782;69,01;17,73;13,27;2019
10/01/2019;69,43083333;85,15;48,5;12,12004732;51,605;77,282;85,15;22,23;13,12;2019
11/01/2019;65,30916667;77,54;49,98;8,316256953;53,09666667;70,982;77,54;19,23;12;2019
12/01/2019;53,68458333;65;42,51;6,952590371;47,65833333;53,992;58,31;14,91;11,07;2019
13/01/2019;45,69458333;64,45;26,48;12,59076058;37,62166667;57,52;64,45;36,31;18,81;2019
14/01/2019;57,32916667;72,52;23,49;16,14279942;32,62333333;69,554;72,52;16,38;25,1;2019
15/01/2019;61,00333333;74,74;37,58;10,8446391;46,4;70,706;74,74;20,94;15,54;2019
16/01/2019;62,68791667;72,95;44,68;8,744886197;52,08333333;67,18;72,95;10,42;9,66;2019
17/01/2019;61,73541667;73,45;32,58;10,41446861;47,835;70,042;73,45;15,72;15,82;2019
18/01/2019;66,94875;76,86;48;7,562034068;56,34;72,208;76,13;9,82;10,97;2019
19/01/2019;64,0675;70;55,55;4,365712502;59,24333333;67,728;70;10,95;4,88;2019
20/01/2019;61,13291667;70,11;51,52;6,182561365;56,20333333;68,466;70,11;17,45;8,66;2019
21/01/2019;71,94375;88,5;51,14;12,31278474;54,12166667;81,458;88,5;21,34;13,93;2019
22/01/2019;72,26791667;91,52;52,1;11,85886349;55,51166667;82,456;91,52;27,95;12,3;2019
23/01/2019;76,43541667;93,9;51,02;15,00131356;55,285;84,522;93,9;28,62;17,62;2019
24/01/2019;86,19375;121,46;56,52;20,42890787;59,635;98,822;121,46;46,56;24,17;2019
25/01/2019;69,49291667;97;55,28;11,1247419;58,16833333;68,794;72,03;2,2;14,65;2019
26/01/2019;53,87291667;66,49;44,51;5,91143805;49,795;52,628;57,92;8,34;6,16;2019
27/01/2019;40,2125;59,2;18,98;11,12326323;29,81833333;51,452;59,2;32,9;8,77;2019
28/01/2019;56,59375;71,51;37,8;10,41316133;42,35166667;67,252;71,51;18,43;11,25;2019
29/01/2019;62,67041667;73,14;45,97;9,70361496;48,50333333;67,394;72,82;15,91;11,86;2019
30/01/2019;59,41208333;71,85;42,74;9,116445712;46,45333333;66,596;71,85;19,41;12,55;2019
31/01/2019;60,89666667;78,49;45,08;10,12155499;47,79333333;62,36;66,98;4,27;14,01;2019
01/02/2019;59,76875;72,57;41,1;10,71841216;44,58333333;65,282;70,09;19,38;16,01;2019
02/02/2019;50,14208333;59,5;42,6;5,234724343;44,60166667;53,654;57,91;14,44;7,47;2019
03/02/2019;47,95541667;63,93;38,47;7,528366633;40,675;58,802;63,93;19,66;7,6;2019
04/02/2019;57,88541667;70,66;38,55;10,21035492;43,35;66,448;70,66;19,43;14,49;2019
05/02/2019;57,91125;68,07;42,8;7,29416462;48,41333333;62,318;66,83;6,33;11,64;2019
06/02/2019;53,27708333;65,88;40,4;7,897605845;42,21166667;59,004;63,86;11,01;9,08;2019
07/02/2019;48,54875;56,5;37;6,063779359;41,425;52,318;56,47;7,42;9,02;2019
08/02/2019;47,27041667;58;34,96;7,35609802;38,31166667;49,606;56,32;7,38;10,42;2019
09/02/2019;33,40875;56,12;15,7;9,975212022;23,105;42,976;56,12;18,93;13,1;2019
10/02/2019;31,90625;49,82;15,6;10,03230166;21,66;43,422;49,82;32,99;10,7;2019
11/02/2019;48,10833333;66,25;18,72;14,60779919;26,27666667;60,156;66,25;14,24;21,74;2019
12/02/2019;51,42541667;65,83;38,12;7,872949273;40,69333333;58,998;65,83;13,64;11,18;2019
13/02/2019;50,02333333;65,31;37,68;7,589624879;40,69666667;54,766;61,02;10,6;12,64;2019
14/02/2019;50,61916667;63,67;38,47;7,864731354;40,81333333;56,484;61,93;4,93;12,23;2019
15/02/2019;49,15708333;61,73;40,19;6,164056033;43,16166667;52,658;56,54;3,56;9,31;2019
16/02/2019;44,04416667;56,41;36,52;4,974279862;41,49666667;48,552;56,41;10,17;6,78;2019
17/02/2019;39,66333333;50,07;35,09;4,225021396;37,64833333;45,694;50,07;13,08;5,57;2019
18/02/2019;46,99041667;57,37;36,23;6,525411517;38,465;52,306;56,94;5,22;11,72;2019
19/02/2019;47,17333333;60,05;36;7,021271201;37,72166667;52,676;54,6;8,41;10,11;2019
20/02/2019;47,75291667;55,09;35,2;6,230961597;38,845;51,99;54,67;5,01;11,18;2019
21/02/2019;46,83625;57,7;35,36;6,529036025;38,735;51,27;55,12;4,15;11,05;2019
22/02/2019;46,96791667;58,02;38,04;5,852861789;39,85666667;47,792;50,98;0,15;8,46;2019
23/02/2019;40,16;50,97;35,5;4,905700322;36,345;47,276;50,97;13,28;10,13;2019
24/02/2019;39,825;51,47;34,54;5,411235493;37,09;46,552;51,47;12,81;13,03;2019
25/02/2019;44,4575;56,88;36,06;6,533869784;37,27;49,478;54,4;1,76;9,95;2019
26/02/2019;44,13166667;54,94;35,88;5,880078872;37,81333333;49,574;54,94;0,94;9,33;2019
27/02/2019;43,26333333;56,8;34,68;5,798627024;38,13;46,36;51,82;-2,86;8,92;2019
28/02/2019;40,35541667;50,97;29,53;6,447286574;33,47;45,47;50,97;4,07;9,18;2019
01/03/2019;44,60375;52,49;33,18;5,552812693;36,44666667;48,32;52,49;1,23;11,2;2019
02/03/2019;40,14708333;48,6;26,83;5,731338321;38,09166667;40,412;46,8;5,07;16,45;2019
03/03/2019;18,16;39,05;8,37;9,055023108;15,84;28,85;39,05;24,66;15,98;2019
04/03/2019;29,41708333;43,33;3,52;11,97308121;12,97166667;37,734;43,33;13,82;13,99;2019
05/03/2019;40,78541667;55,23;19,94;9,522707863;27,27;51,284;55,23;15,33;9,35;2019
06/03/2019;35,69;48;25,68;6,606103239;28,70333333;40,134;46,78;3,87;7,65;2019
07/03/2019;32,62375;45,64;21,59;6,340621155;25,40333333;39,33;45,64;10,73;8,27;2019
08/03/2019;40,32791667;53,05;23,26;9,177751917;27,55166667;45,58;51,33;11,6;11,87;2019
09/03/2019;23,59833333;37,84;10,85;7,54541938;15,775;27,316;32,18;9,65;10,15;2019
10/03/2019;18,70291667;40,92;6,54;8,384749344;13,84833333;28,504;40,92;12,77;17,41;2019
11/03/2019;40,15041667;57,9;19,06;10,46235798;25,67833333;50,446;57,9;10,68;13,81;2019
12/03/2019;38,83416667;52,05;26,85;6,458454464;34,49166667;39,694;44,68;-2,81;12,12;2019
13/03/2019;29,02125;43,05;11,78;6,958084639;20,66833333;35,524;43,05;8,03;9,85;2019
14/03/2019;35,2725;43,72;23,72;6,548150253;25,77833333;37,612;42,39;1,04;10,51;2019
15/03/2019;30,21875;42,94;12,12;9,025506038;18,67333333;30,866;39,41;2,68;11,69;2019
16/03/2019;17,18041667;30,95;6,35;8,343021285;8,231666667;21,368;30,95;9,67;8,97;2019
17/03/2019;9,91625;39,13;-10,99;14,94647517;6,306666667;28,04;39,13;27,98;19,47;2019
18/03/2019;38,94166667;50,01;19,08;8,243545389;28,415;45,82;50,01;1,94;13,13;2019
19/03/2019;45,43125;60,73;36,42;6,234687895;37,9;52,664;60,73;7,66;6,67;2019
20/03/2019;41,96541667;55,55;34,33;5,705208131;35,50666667;49,098;55,55;6,31;7,57;2019
21/03/2019;40,18958333;55;33,04;5,762802367;34,88;47,31;55;2,66;8,3;2019
22/03/2019;40,42083333;50,98;34,3;5,336075676;36,79833333;44,966;50,17;0,9;6,06;2019
23/03/2019;35,8525;44,99;28,52;4,443916457;34,95666667;40,462;44,99;4,17;5,65;2019
24/03/2019;32,90416667;42,67;23,79;5,267615513;32,75;37,172;42,67;5,05;11,71;2019
25/03/2019;34,33333333;47,01;21,12;7,148522296;25,93833333;41,532;47,01;6,75;8,55;2019
26/03/2019;37,59541667;49,4;30,21;5,746437066;31,77833333;44,388;49,4;4;6,5;2019
27/03/2019;39,97458333;48,06;32,73;4,421480157;34,35666667;43,786;48,06;2,16;5,19;2019
28/03/2019;40,87958333;52,77;32,86;5,859254649;34,90166667;44,524;52,77;-0,76;9,05;2019
29/03/2019;39,40708333;49,33;32,4;5,617685953;35,58833333;44,29;49,33;-2,95;7,52;2019
30/03/2019;34,32291667;44,95;26,66;5,241706061;34,66666667;39,206;44,95;0,93;10,51;2019
31/03/2019;26,5525;41,8;-11,58;14,33579535;31,98666667;29,612;41,8;-4,38;24,65;2019
01/04/2019;36,69708333;53,56;26,5;6,912843421;29,50333333;41,374;45,1;3,63;8,11;2019
02/04/2019;36,00208333;44,54;26,13;5,810199412;29,42666667;39,98;43,15;0,44;9,25;2019
03/04/2019;43,755;54,72;31,08;6,833668567;34,445;47,172;52,34;2,46;7,98;2019
04/04/2019;44,01916667;60,44;33;7,842267816;35,91833333;45,71;50,5;0,56;11,52;2019
05/04/2019;43,77041667;58,67;36,14;6,56357967;38,265;44,294;47,23;-1,48;9,09;2019
06/04/2019;39,29375;46,51;31,62;4,41542633;38,48833333;40,928;45,65;2,13;7,8;2019
07/04/2019;38,16291667;49,65;28,03;5,708508889;36,83833333;44,068;49,65;6,21;8,03;2019
08/04/2019;45,54041667;60;36,3;6,938341162;38,89166667;45,292;48,46;-9,91;13,36;2019
09/04/2019;42,67541667;55,32;34,96;5,433544747;36,76666667;44,102;47,01;-3,11;9,73;2019
10/04/2019;44,09208333;58,02;35,78;6,50917545;37,01166667;45,566;47,2;-0,49;8,44;2019
11/04/2019;45,04041667;59,24;36,52;6,634703544;38,02666667;49,528;54,02;-0,22;9,04;2019
12/04/2019;45,39333333;60,08;37,22;5,863113631;40,35333333;46,006;48,43;-3,19;9,36;2019
13/04/2019;43,59291667;57,61;35,65;4,719395207;44,71833333;43,55;46,28;-0,75;5,2;2019
14/04/2019;41,46583333;57,41;30,59;7,808474725;43,57;44,456;53,86;4,51;7,12;2019
15/04/2019;45,90583333;60,67;35,91;7,792447802;39,135;46,3;49,27;-3,58;8,59;2019
16/04/2019;45,87166667;54,03;35,06;5,769655755;38,84166667;49,09;52,95;3,52;8,8;2019
17/04/2019;41,885;52,23;35,02;5,794246021;36,42833333;45,446;49,49;-0,73;8,88;2019
18/04/2019;41,44208333;56,19;32,67;6,642052445;36,035;45,388;49,31;-2,73;9,75;2019
19/04/2019;36,22166667;45,28;25,45;6,050793456;32,935;38,936;44,39;-0,29;7,57;2019
20/04/2019;30,52416667;43,41;20;7,019448707;30,145;32,698;43,41;-0,89;7,72;2019
21/04/2019;30,00666667;46,08;6,27;10,75536738;27,695;41,084;46,08;7,3;12,7;2019
22/04/2019;9,735;24,66;-4,1;6,806295679;9,708333333;16,35;24,66;0,69;12,31;2019
23/04/2019;28,81083333;42,88;1,85;12,52479972;12,80833333;40,184;42,88;10,57;15,23;2019
24/04/2019;33,62291667;43,85;18,38;6,728431227;25,14166667;37,75;42,08;2,32;11,1;2019
25/04/2019;29,4925;46,36;0,51;12,55393867;16,035;36,658;46,36;12,86;15,08;2019
26/04/2019;39,76;56,38;25,77;8,242614613;29,66333333;39,286;42,54;-1,43;11,51;2019
27/04/2019;24,50625;37,31;10,49;8,387230881;24,6;24,532;37,31;7,66;13,64;2019
28/04/2019;34,07166667;47,76;23,82;7,26261581;31,45333333;41,332;46,07;17,25;8,69;2019
29/04/2019;42,13625;56,71;31,9;6,606301216;35,23333333;42,182;46,81;-5,94;10,25;2019
30/04/2019;43,1;60;34,44;7,557807365;35,745;48,652;54,4;1,47;9,03;2019
01/05/2019;28,13083333;38,76;7,18;8,328484343;30,35;32,95;37,81;6,01;12,69;2019
02/05/2019;39,31708333;47,18;26,97;6,106399693;30,65666667;44,358;47,18;4,23;9,82;2019
03/05/2019;41,29;50,1;32,48;5,183454447;35,35333333;42,87;44,92;0,06;5,99;2019
04/05/2019;38,22708333;45,92;28,59;5,524695136;34,52666667;38,686;45,5;-1;6,28;2019
05/05/2019;31,96166667;46,47;18,58;7,904063164;31,52166667;37,086;45,06;4,39;6,03;2019
06/05/2019;45,36541667;56,14;33,87;6,720117092;37,45;51,548;56,14;1,34;9,5;2019
07/05/2019;50,26083333;63,9;39,03;6,986717159;41,13;54,69;62,57;2,41;8,88;2019
08/05/2019;37,81375;46,2;32,01;3,983098873;34,56666667;37,432;39,61;3,39;5,52;2019
09/05/2019;45,40875;54,66;30,26;6,794112101;35,00833333;49,108;50,87;1,56;8,92;2019
10/05/2019;45,205;56,17;37,17;6,418572237;39,17333333;48,66;51,45;1,27;8,61;2019
11/05/2019;32,84;41,51;23,55;5,149228731;34,27166667;36,706;39,9;7,51;8,15;2019
12/05/2019;23,73541667;42,71;-12,27;14,88732667;29,20666667;32,666;40,87;7,91;17,63;2019
13/05/2019;39,59875;53,01;30,35;7,721035813;33,9;43,052;48,95;-2,56;13,25;2019
14/05/2019;40,70875;55,53;33,84;6,394332621;36,24166667;44,248;47,91;-1,39;6,67;2019
15/05/2019;40,75791667;55,07;34,28;5,811145946;35,1;43,502;45,8;0,5;7,4;2019
16/05/2019;39,97416667;49,3;32,07;4,462345763;34,18333333;41,156;42,8;-1,73;7,65;2019
17/05/2019;42,34833333;51,12;33,79;5,488854055;34,98166667;45,186;48,06;4,57;5,91;2019
18/05/2019;37,13875;45,17;32,36;4,205487422;35,47;41,07;45,17;5,16;4,18;2019
19/05/2019;35,26541667;43,33;27,41;4,617949836;34,38833333;39,816;42,34;4,91;4,19;2019
20/05/2019;45,65333333;57,45;33,51;7,85281266;34,585;47,074;49,39;3,6;10,7;2019
21/05/2019;42,71625;57,61;31,49;7,635453241;32,52833333;44,298;46,96;5,88;9,55;2019
22/05/2019;40,55375;50,35;29;6,931448693;31,74666667;45,29;48,99;5,25;9;2019
23/05/2019;40,09583333;52,38;27,41;7,35420017;32,64166667;48,714;52,38;11,81;10,03;2019
24/05/2019;39,11208333;50,95;25,69;5,922729232;33,49333333;40,694;44,88;3,61;9,11;2019
25/05/2019;36,43416667;44,71;31,35;4,302215725;34,245;40,394;44,71;3,43;3,64;2019
26/05/2019;20,195;37,16;-7,3;12,5206407;19,19833333;32,408;37,16;18,38;14,36;2019
27/05/2019;32,90333333;43,75;14,09;8,041680371;23,74;30,278;33,98;4,66;15,63;2019
28/05/2019;34,83166667;45,68;24,17;5,800778558;29,80166667;33,83;41,91;6,37;8,33;2019
29/05/2019;37,46875;46,45;23,53;5,956641388;28,97166667;40,966;45,33;6,16;7,67;2019
30/05/2019;19,47375;40,34;7,03;11,76784078;19,6;30,99;35,98;18,83;11,67;2019
31/05/2019;34,11583333;43,98;26,28;5,530567953;29,09333333;35,04;38,79;-0,24;6,31;2019
01/06/2019;28,61375;40,36;19,13;6,069445797;24,27666667;34,214;40,15;12,03;6,78;2019
02/06/2019;17,75916667;38,13;-9,02;13,31184432;19,81166667;31,458;38,13;19,4;15,29;2019
03/06/2019;36,15083333;50,5;14,51;10,1220014;23,64833333;45,58;50,5;23,18;19,22;2019
04/06/2019;35,24791667;47,69;24,49;6,446490099;27,21833333;37,606;43,05;8,65;9,71;2019
05/06/2019;35,50291667;44,99;24,54;7,080832964;25,66666667;38,864;44,07;16,46;9,68;2019
06/06/2019;33,87166667;42,91;23,06;5,927489143;26,51666667;36,864;39,17;3,82;8,57;2019
07/06/2019;24,32625;43,55;0,9;11,52473514;8,756666667;26,766;32,17;12,75;20,82;2019
08/06/2019;5,09375;26,15;-24,92;12,70259399;-2,595;10,908;12,92;17,22;13,89;2019
09/06/2019;20,70458333;34,38;10,8;7,346617666;20,49166667;25,586;32,12;14,01;14,52;2019
10/06/2019;31,4675;40;25,83;4,948949164;28,305;37,122;40;8,14;5,02;2019
11/06/2019;41,0125;48,99;24,6;7,590712431;30,37;44,266;45,72;14,43;13,93;2019
12/06/2019;39,09;51,22;27,58;8,17538724;29,89666667;39,832;46;6,17;11,63;2019
13/06/2019;32,92791667;47,56;17,2;8,429528317;24,19833333;37,79;43,79;9,31;14,91;2019
14/06/2019;34,74291667;49,04;17,6;7,108082649;26,62;35,634;40,13;7,18;10,47;2019
15/06/2019;27,36666667;33,94;19,31;4,160839868;27,24666667;23,004;27,75;1,07;13,63;2019
16/06/2019;24,07958333;41,02;14,06;7,944582228;23,02;27,566;31,95;11,03;10,7;2019
17/06/2019;33,59041667;42,44;18,01;7,180801989;24,60166667;39,314;42,44;16,5;11,73;2019
18/06/2019;33,40375;42,05;15,64;7,615647971;23,185;38,216;42,05;10,16;10,83;2019
19/06/2019;33,52541667;42,98;17,31;7,571392945;23,64;35,796;39,47;17,04;16,3;2019
20/06/2019;35,07625;44,71;21,04;5,634232954;28,36;37,886;40,48;10,2;10,66;2019
21/06/2019;33,25333333;47,09;17,91;7,978934039;23,04833333;36,636;42,36;14,18;15,11;2019
22/06/2019;24,59708333;34,8;12,62;6,686386871;19,12333333;28,662;34,8;9,84;9,57;2019
23/06/2019;12,25541667;34,19;-0,92;10,93457102;12,985;18,662;23,98;17,9;10,98;2019
24/06/2019;29,77791667;39,45;16,5;6,214098262;21,1;34,062;39,45;11,94;8,81;2019
25/06/2019;34,50625;45,83;15,09;8,527508333;23,76166667;39,708;44,91;17,4;14,79;2019
26/06/2019;29,06;37,14;14,29;6,242487659;21,02666667;28,82;32,7;3,51;9,06;2019
27/06/2019;31,5275;44,43;14,64;8,069862479;20,91833333;37,77;44,43;18,67;11,8;2019
28/06/2019;36,0125;48,54;16,85;8,822280219;24,64833333;42,408;44,22;16,01;9,09;2019
29/06/2019;29,04416667;40,35;22,51;5,192991863;25,58;33,994;36,03;12,66;5,72;2019
30/06/2019;18,79333333;43,19;-5,12;13,55799866;17,62833333;32,104;37,94;18,71;15,69;2019
01/07/2019;30,38791667;41,13;16,27;6,725632978;22,905;33,29;36,49;7,23;13,5;2019
02/07/2019;34,24333333;44;24,75;5,470930027;26,85666667;38,388;44;7,02;5,98;2019
03/07/2019;31,9825;41,93;18,99;5,348880622;25,51833333;35,378;39,71;7,14;6,87;2019
04/07/2019;31,45416667;43,58;15,76;6,714521522;23,35833333;37,596;43,58;9,45;8,04;2019
05/07/2019;34,47125;43,4;27,64;4,774046058;30,74833333;35,108;38,35;0,73;6,41;2019
06/07/2019;28,975;35,12;24,45;2,947746376;27,445;30,332;31,43;4,6;5,06;2019
07/07/2019;25,85541667;37,02;11,6;6,736556325;27,01;30,274;33,06;7,38;11,08;2019
08/07/2019;34,80791667;42,9;21,38;5,489611516;27,13;38,42;42,9;6,7;7,76;2019
09/07/2019;36,25583333;47;20,95;6,10956194;28,93666667;40,13;47;8,5;7,47;2019
10/07/2019;40,80458333;53,19;26,49;7,282451199;31,74333333;48,998;53,19;11,91;9,06;2019
11/07/2019;44,6075;53,99;27,86;7,338629329;33,78666667;47,262;52,09;7,47;8,88;2019
12/07/2019;41,13041667;53,74;26,81;6,860680331;33,90833333;40,164;43,02;4,98;9,68;2019
13/07/2019;36,21;41,2;28,75;2,98136823;33,78166667;37,022;37,98;2,08;3,48;2019
14/07/2019;33,1475;43,72;25,58;4,84820563;33,28333333;34,004;38,29;6,39;7,43;2019
15/07/2019;40,04208333;50,06;25,98;6,480515934;31,775;42,808;45,94;9,41;12,08;2019
16/07/2019;43,29166667;52,64;33,13;6,013027644;35,99166667;49,596;52,64;9,6;7,74;2019
17/07/2019;45,44333333;54,01;37,28;5,407122249;38,645;50,996;54,01;7,97;6,4;2019
18/07/2019;40,87041667;48,96;27,89;6,033472199;32,77333333;45,13;47,76;10,24;6,93;2019
19/07/2019;42,89333333;50,6;29,75;6,532151697;34,32166667;47,804;48,9;7,28;8,55;2019
20/07/2019;32,70708333;39,2;27,63;4,047709475;31,67666667;35,696;38,38;6,11;7,04;2019
21/07/2019;32,79708333;46,62;16,98;7,871399787;32,47666667;39,772;44,92;6,02;7,18;2019
22/07/2019;42,30583333;53,94;22,77;8,779870711;30,615;50,366;53,94;15,95;13,22;2019
23/07/2019;46,7;59,52;32,84;7,704356757;37,65666667;57,068;59,52;12,56;7,97;2019
24/07/2019;53,39875;74,06;35,34;10,45811784;39,20666667;65,492;74,06;27,18;10,38;2019
25/07/2019;50,15708333;69,58;37,73;8,345544752;39,115;61,418;69,58;16,12;7,53;2019
26/07/2019;47,00375;56,07;36,37;6,385465706;37,53666667;51,198;53,62;8,99;6,58;2019
27/07/2019;35,70125;39,43;30,02;2,392203482;34,07166667;37,49;38,94;4,59;6,99;2019
28/07/2019;32,10833333;41,46;25,6;5,245689466;29,69833333;37;40,87;8,82;5,61;2019
29/07/2019;40,18833333;49,38;26,59;7,101978087;30,63666667;46,288;47,23;7,25;7,74;2019
30/07/2019;32,02833333;43,66;16,06;6,892993712;24,16166667;35,404;38,99;11,28;8,77;2019
31/07/2019;32,755;44,07;14,96;7,769510644;25,71666667;37,694;41,86;11,85;7,71;2019
01/08/2019;42,40666667;51,53;31,37;5,77343366;35,91166667;49,398;51,08;11,15;5,75;2019
02/08/2019;41,30291667;50,47;29,57;5,82878351;33,85833333;45,548;49,51;9,32;6,35;2019
03/08/2019;35,09791667;41,96;28,02;4,576336088;32,23833333;39,344;41,58;9,45;6,33;2019
04/08/2019;34,12041667;47;28,26;6,578240467;32,55833333;41,248;47;10,53;4,88;2019
05/08/2019;37,07791667;45,91;22,32;7,698586533;28,86;38,87;43,29;10,02;10,76;2019
06/08/2019;41,19625;49,75;30,37;5,976124098;33,75833333;47,988;49,75;13,66;8,22;2019
07/08/2019;36,4475;44,98;25,73;6,751825679;28,195;40,45;43,15;11,9;10,44;2019
08/08/2019;33,43375;43,63;25,37;6,498666627;27,38166667;41,016;43,63;10,61;6,61;2019
09/08/2019;27,91875;36,93;8,9;7,456335685;18,18;30,568;35,7;10,89;14,83;2019
10/08/2019;14,65625;31,83;4,18;8,605019169;13,12166667;17,662;27,67;0,87;11,59;2019
11/08/2019;20,71041667;40;8,06;10,67204861;18,38;32,672;36,29;20,01;9,31;2019
12/08/2019;33,15791667;42,59;21,46;5,541780423;26,67333333;34,388;36,21;10,2;8,49;2019
13/08/2019;33,79166667;44,77;22,73;6,010223657;27,39166667;38,854;44,77;2,57;7,35;2019
14/08/2019;31,705;38,22;25,03;4,015973541;26,69166667;31,878;33,8;5,01;6,35;2019
15/08/2019;24,00166667;36,15;13,59;6,481560914;22,03;27,782;36,15;4,07;5,89;2019
16/08/2019;31,00333333;36,76;18,16;4,485403057;25,14666667;32,366;34,13;-0,39;8,22;2019
17/08/2019;24,47666667;39,44;12,01;8,165691039;17,56;34,184;39,44;17,83;12,32;2019
18/08/2019;22,94416667;36,97;9,67;8,677650412;20,08166667;31,22;35,89;12,11;10,11;2019
19/08/2019;31,63666667;41,87;20,68;5,948933895;25,50333333;36,164;38;10,54;10,39;2019
20/08/2019;34,87916667;41,02;22,56;6,207870822;26,91;37,78;40,48;14,58;9,35;2019
21/08/2019;34,24458333;44,58;22,6;5,918577957;27,30166667;36,942;38,79;8,07;7,23;2019
22/08/2019;33,35583333;42,47;22,41;5,414576074;26,68;39,334;42,47;12,69;6,68;2019
23/08/2019;31,66625;36,97;20,97;4,403974304;26,46;33,954;35,28;6,22;4,41;2019
24/08/2019;31,10916667;42,39;26,83;4,17869224;29,94833333;37,53;42,39;7,84;5,46;2019
25/08/2019;28,99541667;38,72;24,13;5,010603521;27,98666667;34,042;38,72;7,51;4,7;2019
26/08/2019;41,0575;49,06;26,43;6,815516983;31,74666667;47,934;49,06;10,22;6,82;2019
27/08/2019;45,85666667;59,76;32,69;8,085102063;34,40166667;55,044;59,76;16,83;10,24;2019
28/08/2019;47,14625;64,63;32,29;9,096477967;34,81;58,766;64,63;23,24;11,73;2019
29/08/2019;42,65291667;53,59;30,53;7,661415171;32,755;49,396;50,96;9,89;8,23;2019
30/08/2019;40,46083333;52,49;24,4;8,611243367;30,09666667;50,046;52,49;11,09;9,96;2019
31/08/2019;31,7525;45,66;23,14;5,869203523;26,64666667;40,276;45,66;14,47;8,09;2019
01/09/2019;30,31375;39,67;25,06;4,502267846;26,59166667;35,792;39,67;7,58;4,13;2019
02/09/2019;38,74583333;49,78;25;8,102978474;27,31;46,5;49,78;10,83;11,51;2019
03/09/2019;36,59541667;51,22;24,1;7,474675493;27,315;46,578;51,22;12,52;8,3;2019
04/09/2019;32,98083333;45,29;19,36;7,152300886;24,07;37,71;40,67;-1,2;15,72;2019
05/09/2019;32,79291667;40,92;20,33;6,201019186;23,94833333;37,634;40,92;2,41;8,36;2019
06/09/2019;32,73375;40,07;20,72;6,163920134;25,04333333;37,906;40,07;7,99;8,03;2019
07/09/2019;33,11625;39,45;27,09;3,985297777;29,78333333;35,688;39,45;5,56;5,76;2019
08/09/2019;31,50333333;45,49;14,25;8,112778255;27,195;38,504;45,49;12,3;9,69;2019
09/09/2019;42,78291667;57,09;29,72;7,788699439;31,71333333;51,022;57,09;7,54;10,57;2019
10/09/2019;35,60458333;45,93;27,56;5,613597606;29,50666667;41,788;43,29;8,09;11,95;2019
11/09/2019;32,58875;43,25;17,35;6,50101217;24,66666667;37,908;41,1;3,59;10,84;2019
12/09/2019;37,74041667;52,73;26,07;7,514968529;27,94166667;42,37;44,27;0,49;12,38;2019
13/09/2019;39,54583333;49,37;26,24;6,726426092;30,435;46,378;49,37;6,12;10;2019
14/09/2019;34,43208333;47,99;22,33;6,540691347;28,87333333;42,772;47,99;11,3;6,94;2019
15/09/2019;28,58916667;48,9;11,63;11,54639146;23,73666667;43;48,9;19,77;10,82;2019
16/09/2019;47,37333333;60,91;30,43;9,51867851;32,77333333;56,152;60,91;10,23;13,14;2019
17/09/2019;42,2625;52,03;27,16;8,254014175;29,95666667;47,238;50,9;4,61;12,75;2019
18/09/2019;39,80583333;53,17;26,74;8,660357416;29,34666667;48,138;53,17;8,52;10,18;2019
19/09/2019;43,2625;56,24;27,62;9,315652209;31,56;53,144;56,24;3,47;14,23;2019
20/09/2019;40,31875;60,73;20,84;10,70952616;25,345;47,72;51,1;5,27;18,46;2019
21/09/2019;28,76458333;46,32;15,78;8,011098811;21,22333333;39,162;46,32;18,18;8,61;2019
22/09/2019;27,4825;40,97;13,59;6,936312922;22,31166667;37,582;40,97;19,45;7,72;2019
23/09/2019;42,05541667;55,4;22,63;9,438030367;27,70833333;50,14;55,4;9,97;10,35;2019
24/09/2019;40,48583333;54,44;19,97;10,28120612;25,175;49,08;54,44;8,5;15,14;2019
25/09/2019;40,58833333;51,74;16,01;10,56795759;25,79833333;48,302;51,74;15;13,55;2019
26/09/2019;38,8625;51,51;20,18;10,05908901;25,105;45,638;50,94;5,98;14,87;2019
27/09/2019;37,05208333;50,31;17,95;10,7678511;21,855;42,044;48,36;2,96;20,79;2019
28/09/2019;28,56166667;43,69;13,63;9,495941772;19,81833333;38,412;43,69;14,69;8,45;2019
29/09/2019;16,72;30,23;0,82;7,224126245;14,86833333;22,33;30,23;1,43;10,69;2019
30/09/2019;38,50541667;64,37;7,07;15,25139223;16,86833333;53,832;64,37;18,47;17,08;2019
01/10/2019;40,33833333;54,99;15,66;11,58517218;22,835;51,022;54,99;11,65;17,12;2019
02/10/2019;38,60041667;52;14,68;12,14017029;20,56333333;47,664;51,61;13,01;19,59;2019
03/10/2019;41,76666667;55,06;25,3;9,520015376;28,80833333;51,162;55,06;15,91;15,08;2019
04/10/2019;39,90041667;53,52;12,25;11,85529509;22,835;48,58;53,52;10,95;21,67;2019
05/10/2019;37,38625;52,09;27,52;6,961998596;29,45666667;46,908;52,09;18,81;6,22;2019
06/10/2019;31,56833333;43,35;26,41;4,600638582;27,76;36,238;43,35;10,99;11,68;2019
07/10/2019;45,17541667;61,76;24,91;11,48440378;27,74666667;53,476;61,76;7,37;17,31;2019
08/10/2019;39,09583333;50,85;20,71;10,5081678;23,53;44,912;50,61;15,17;16,69;2019
09/10/2019;36,44583333;51,8;19,44;9,854060261;22,58;44,362;51,8;13,74;14,26;2019
10/10/2019;35,44416667;54,45;18,26;10,16550258;21,29666667;44,042;54,45;8,88;12,53;2019
11/10/2019;27,065;43,05;12,57;8,923106303;15,69833333;33,384;41,99;7,74;12,83;2019
12/10/2019;26,23041667;44,65;7,15;9,364628398;16,23666667;36,884;44,65;14,85;8,4;2019
13/10/2019;23,60083333;41,24;8,52;9,173378268;18,97833333;33,672;41,24;18,73;10,94;2019
14/10/2019;38,035;52,79;15,17;11,85245086;20,68;46,062;52,79;14,03;12,86;2019
15/10/2019;44,46375;67,95;24,27;11,31660873;28,68166667;55,712;67,95;17,72;12,03;2019
16/10/2019;41,01041667;55,05;28,1;8,95998616;28,56833333;50,54;55,05;11,39;11,29;2019
17/10/2019;44,55458333;63,96;26,34;10,44249969;29,47666667;54,454;63,96;14,68;10,65;2019
18/10/2019;38,8425;52,68;20,69;9,499110828;25,36;46,248;52,68;8,41;14,24;2019
19/10/2019;33,22291667;47,9;23,9;6,070608793;25,765;40,942;47,9;17,19;5,6;2019
20/10/2019;34,97708333;51,06;26,3;7,044478244;27,36166667;45,148;51,06;20,55;7,2;2019
21/10/2019;45,74208333;66,51;25,7;11,09343126;30,16833333;57,554;66,51;20,01;13,92;2019
22/10/2019;47,31083333;65,47;31,84;9,832608976;34,015;55,974;65,47;13,01;10,79;2019
23/10/2019;44,45083333;59,77;30,09;9,338621031;31,67333333;50,596;55,49;12,79;11,7;2019
24/10/2019;38,83583333;54,11;25,27;8,640473979;29,76666667;39,95;50,26;4,04;9,43;2019
25/10/2019;38,35583333;51,89;24,42;8,786686033;26,1;44,546;51,09;12,05;11,84;2019
26/10/2019;26,33666667;37,37;13,84;5,763918253;22,2;32,078;37,37;14,77;7,31;2019
27/10/2019;31,32;55,52;11,58;11,1462659;18,405;45,12;55,52;28,3;8,14;2019
28/10/2019;47,25875;63,62;27,64;11,35508287;30,93;57,958;63,62;22,18;11,9;2019
29/10/2019;48,67791667;66,18;35,17;9,320013052;36,24666667;57,892;66,18;22,92;10,24;2019
30/10/2019;49,73291667;66,7;35,58;9,147935134;36,91;57,78;66,7;20,03;8,42;2019
31/10/2019;46,46166667;61,18;32,54;8,6501559;34,57;55,484;61,18;18,49;7,09;2019
01/11/2019;31,47708333;38,08;26,14;3,248343363;28,20333333;33,45;38,08;8,98;8,01;2019
02/11/2019;27,99125;39,44;16,45;5,142596462;21,41333333;33,662;39,44;14,97;9,35;2019
03/11/2019;26,29625;42,83;6,66;11,07847612;12,24333333;39,506;42,83;29,23;12,17;2019
04/11/2019;37,71166667;52,92;11,32;11,79688967;19,81833333;47,376;52,92;17,42;15,5;2019
05/11/2019;43,25958333;62,89;24,99;10,63237937;27,925;53,352;62,89;23,97;10,98;2019
06/11/2019;52,05708333;87,12;33,79;13,21207994;35,845;66,038;87,12;41,49;15,37;2019
07/11/2019;43,51375;54,99;32,11;6,595109395;34,3;48,726;54,99;13,74;6,87;2019
08/11/2019;48,70333333;66,47;31,82;9,947063218;35,095;57,476;66,47;19,78;12,17;2019
09/11/2019;41,60625;51;36,13;3,924223338;37,57166667;46,502;51;11,43;6,14;2019
10/11/2019;41,34375;53,09;33,86;6,152953206;35,89166667;51,156;53,09;17,49;5,76;2019
11/11/2019;44,53;52,85;34,75;5,469421717;36,415;49,886;52,85;8,75;5,91;2019
12/11/2019;48,84916667;64,43;32,53;9,105417841;35,825;59,296;64,43;22,02;10,69;2019
13/11/2019;56,51666667;80,64;36,32;13,29803047;38,28166667;67,4;80,64;31,1;11,55;2019
14/11/2019;53,48791667;78,32;35,37;11,22660504;38,32333333;66,388;78,32;31,44;11,38;2019
15/11/2019;57,50875;74,45;37,57;11,87376037;41,30333333;62,37;73,47;22,64;13,66;2019
16/11/2019;46,35333333;57,8;37,19;5,485846347;40,45833333;53,19;57,8;17,66;6,76;2019
17/11/2019;43,34083333;55,15;36,3;5,401024795;39,27833333;51,454;55,15;16,25;5,1;2019
18/11/2019;56,62708333;85;35,68;12,12527094;40,58666667;70,654;85;35,16;14,15;2019
19/11/2019;64,49416667;99,1;43,73;13,34471396;47,38666667;76,228;99,1;42,98;19;2019
20/11/2019;59,13333333;79,26;42,4;9,95981782;45,66833333;66,168;73;14,82;14,63;2019
21/11/2019;56,4375;70,32;41;9,062811854;43,58166667;61,96;67,22;16,05;10,7;2019
22/11/2019;47,10875;54,44;35,47;6,17776188;38,28;49,012;51,91;3,79;9,32;2019
23/11/2019;41,07958333;52,9;25,16;8,916867006;30,03833333;51,246;52,9;23,01;7,58;2019
24/11/2019;41,24291667;51,8;30;6,579093686;34,255;49,846;51,8;19;4,99;2019
25/11/2019;51,43375;63,45;35,38;9,598678266;36,66833333;56,996;63,45;9,36;12,16;2019
26/11/2019;47,4375;54,79;35,91;7,421762506;36,78833333;50,602;54,55;9,31;8,31;2019
27/11/2019;42,3075;50,68;30,23;6,364487923;32,76166667;46,88;50,18;8,05;8,74;2019
28/11/2019;40,61541667;55,37;12,56;11,56062469;23,85;51,78;55,37;18,08;9,58;2019
29/11/2019;47,64583333;56,53;29,83;7,711080067;35,75;53,814;56,53;10,22;7,61;2019
30/11/2019;42,21041667;53,1;35,39;5,046345625;36,605;49,156;53,1;16,54;6,86;2019
01/12/2019;43,45041667;52,4;35,86;5,524050561;37,29;49,726;52,4;16,27;3,38;2019
02/12/2019;51,23583333;67,64;34,46;9,896555798;37,275;60,206;67,64;20,9;11,89;2019
03/12/2019;58,21208333;76,47;38,75;11,64320589;41,94;68,208;75,87;20,8;12,21;2019
04/12/2019;59,80625;86,55;41,01;12,79118236;44,59666667;70,764;81,8;26,28;18,75;2019
05/12/2019;57,79375;88,32;38,72;12,36721712;42,83166667;66,308;79,59;26,59;18,35;2019
06/12/2019;48,81375;56,16;40,62;4,868436775;42,98166667;52,238;54,6;7,66;6,44;2019
07/12/2019;45,2175;51,76;37,24;4,641493622;40,45166667;47,97;51,76;8,08;6,83;2019
08/12/2019;31,06708333;46,74;12,63;11,26543597;22,31166667;42,882;46,74;33,07;12,13;2019
09/12/2019;37,58625;52,17;0,42;15,89945906;14,40833333;49,938;52,17;18,57;27,78;2019
10/12/2019;45,41625;56,38;32;7,166656981;35,945;49,93;53,48;7,37;9,8;2019
11/12/2019;46,93458333;60,23;31,95;8,600197156;34,57833333;53,096;60,23;15,25;12,82;2019
12/12/2019;44,98166667;61,6;31,61;8,704296624;34,87833333;44,804;52,15;-0,75;12,02;2019
13/12/2019;35,89666667;49,05;15,88;8,368575624;24,91;42,768;49,05;13,82;13,96;2019
14/12/2019;28,91458333;36,99;19,64;4,363767797;25,275;34,254;36,99;15,91;6,77;2019
15/12/2019;25,46208333;43,96;5,41;12,06365363;14,87833333;38,608;43,96;35,31;7,71;2019
16/12/2019;42,70125;52,01;29,19;7,867779264;31,31;47,784;52,01;12,69;11,01;2019
17/12/2019;43,01416667;56,27;29,19;7,972125305;31,54166667;50,34;56,27;20,53;9,18;2019
18/12/2019;41,17791667;54,19;15;10,01021912;27,09166667;46,898;54,19;14,41;17,69;2019
19/12/2019;28,62666667;42,95;2,27;13,02869264;9,151666667;36,972;40,31;10,04;23,14;2019
20/12/2019;25,84375;40,33;1,76;11,1946081;8,926666667;35,426;40,33;10,88;21,79;2019
21/12/2019;20,37166667;37,76;7,82;8,287780249;12,03666667;26,986;37,76;16,4;14,21;2019
22/12/2019;13,29041667;37;4,25;8,397423248;6,82;24,422;37;27,3;15,35;2019
23/12/2019;26,5;40,93;1;14,40887981;3,12;37,354;40,93;18,09;20,54;2019
24/12/2019;21,025;36,51;-0,47;11,97802299;3,786666667;32,576;36,51;30,25;11,38;2019
25/12/2019;14,57416667;31;4;8,961144588;7,936666667;24,718;30;14,21;9,75;2019
26/12/2019;26,39;42,64;3,92;11,61540169;10,17166667;38,366;42,64;23,67;13,87;2019
27/12/2019;32,90958333;44,88;16,6;7,977878916;21,99833333;41,014;44,88;20,88;5,57;2019
28/12/2019;31,495;43,75;20,72;6,864465526;25,09;40,568;43,75;22,28;8,79;2019
29/12/2019;31,12166667;43,5;20,97;6,4999369;24,36833333;40,58;43,5;20,78;7,03;2019
30/12/2019;35,24875;47,82;15,07;9,152901328;22,57666667;43,04;47,82;16,42;8,3;2019
31/12/2019;38,35652174;47,73;28,59;5,348690246;30,902;44,346;47,73;16,98;6,26;2019
31/12/2019;41,88;41,88;41,88;;41,88;;#NAME?;;;2020
01/01/2020;35,10166667;46,16;30;5,417042885;33,97666667;43,062;46,16;13,88;4,42;2020
02/01/2020;39,30583333;46,72;28,42;6,91204174;30,08166667;43,468;46,72;12,56;7,91;2020
03/01/2020;37,00416667;45,2;22,56;6,592369051;28,045;41,11;45,2;13,99;6,81;2020
04/01/2020;34,34041667;44,24;26,24;5,310207135;29,605;40,808;44,24;17,08;9,56;2020
05/01/2020;35,96583333;46,16;29,16;5,227069107;30,42666667;43,284;46,16;15,78;4,49;2020
06/01/2020;39,41375;49,01;27,03;7,115879861;28,985;46,652;49,01;15,73;9,95;2020
07/01/2020;41,865;51,12;28,9;8,36186946;30,075;45,554;49,05;7,24;9,08;2020
08/01/2020;40,74333333;55,92;20,35;10,02487457;26,20833333;51,482;55,92;22,87;8,17;2020
09/01/2020;36,06875;47,51;27,81;6,203568617;30,11;38,782;44,23;9,24;11,17;2020
10/01/2020;39,0625;49,97;26,47;7,641055726;28,59;46,28;49,97;17,97;11,66;2020
11/01/2020;34,62083333;44,65;25,26;5,227247939;29,52;39,97;44,65;15,3;8,74;2020
12/01/2020;28,97666667;40,87;20,57;5,969676028;23,36;36,4;40,87;18,27;8,96;2020
13/01/2020;38,3625;52,93;24,38;9,879417449;25,81666667;39,582;46,81;6,87;10,66;2020
14/01/2020;30,685;39,37;8,66;9,693176444;15,86;36,21;39,37;10,93;11,15;2020
15/01/2020;32,00166667;44,25;10,52;9,796844952;17,88333333;40,626;44,25;14,12;10,87;2020
16/01/2020;36,97291667;52,4;27,6;6,542433053;30,05;38,194;43,15;4,45;7,97;2020
17/01/2020;37,02958333;46;25,71;6,739068752;27,80666667;41,906;46;14,91;9,16;2020
18/01/2020;35,80291667;43,04;26,45;4,851530892;29,06333333;40,238;43,04;10,59;5,4;2020
19/01/2020;33,4575;44,24;27,26;5,196787678;29,81333333;39,912;44,24;16,42;10,69;2020
20/01/2020;44,91666667;59,32;31,5;8,507214159;33,365;52,002;57,05;11,42;11,51;2020
21/01/2020;47,0475;62,05;34,34;8,541028474;35,8;54,65;62,05;19,66;9,16;2020
22/01/2020;48,57375;65,09;33,7;9,539658098;35,83833333;57,254;65,09;24,54;9,5;2020
23/01/2020;51,47083333;68,64;36,24;10,19931793;38,095;58,816;68,64;21,64;11,74;2020
24/01/2020;51,21375;66,74;36,38;9,722778639;38,63166667;56,622;65,1;19,01;12,2;2020
25/01/2020;40,65375;49,99;32,84;4,670228383;35,46166667;44,668;49,99;15,87;6,05;2020
26/01/2020;34,53583333;44,42;28,48;4,911367397;30,49666667;37,632;44,42;12,58;6,56;2020
27/01/2020;38,62666667;51,21;21,31;8,695035898;25,80666667;45,876;51,21;21,29;12,28;2020
28/01/2020;34,88875;44,94;24,99;7,045169984;26,26333333;38,958;43,86;12,03;10,64;2020
29/01/2020;36,27375;45,1;21,55;7,249452041;26,23;41,51;45,1;13,99;11,01;2020
30/01/2020;35,42291667;45,29;23,61;7,237934776;26,21166667;36,976;43,01;9,86;11,12;2020
31/01/2020;29,02291667;40,56;14,71;8,294417965;16,985;32,496;37,16;11,66;12,44;2020
01/02/2020;17,2825;31,12;0,53;8,404579109;8,863333333;23,85;31,12;20,67;9,63;2020
02/02/2020;20,40916667;36,93;7,68;7,637202946;13,86666667;26,522;36,93;21,66;16,5;2020
03/02/2020;26,73166667;39,97;6,69;9,917409666;12,265;33,16;37,99;13,67;17,63;2020
04/02/2020;28,08083333;41,51;9,77;8,769270416;16,10666667;38,522;41,51;16,42;9;2020
05/02/2020;36,88625;49,16;23,63;7,608162557;25,56833333;42,864;45,83;8,29;10,92;2020
06/02/2020;37,38958333;47,21;24,46;7,0993683;27,04666667;43,632;47,21;13,83;10,15;2020
07/02/2020;34,555;54,58;25,25;7,204593342;28,55833333;34,146;39,93;3,61;9,6;2020
08/02/2020;27,93541667;41,3;20,12;5,045891983;22,69666667;34,62;41,3;18,96;6,34;2020
09/02/2020;14,45208333;28,63;4,85;6,645700787;10,34333333;19,506;26,37;16,47;9,87;2020
10/02/2020;19,82875;34,02;2,58;8,865417086;8,25;27,48;34,02;19,5;10,22;2020
11/02/2020;24,83833333;38,71;9,89;8,137043404;13,38833333;31,574;38,71;9,19;10,1;2020
12/02/2020;28,79416667;44,38;14,96;7,166768065;20,90833333;36,638;44,38;12,33;9,24;2020
13/02/2020;30,29875;42,13;22,78;6,06324229;24,58833333;32,85;42,13;9,66;8,32;2020
14/02/2020;30,91958333;45,66;22,77;7,292835364;24,17333333;32,662;39,07;6,68;13,61;2020
15/02/2020;21,77083333;31,49;11,82;5,054300723;22,55;19,824;24,98;4,69;15,24;2020
16/02/2020;8,060416667;18,59;-5,09;6,434904465;3,175;13,332;18,59;16;5,67;2020
17/02/2020;24,43791667;36,95;5,73;9,470297263;10,68166667;31,728;36,95;14,63;14,06;2020
18/02/2020;26,60416667;38,88;10,38;8,150498473;16,26666667;34,134;38,88;12,74;9,79;2020
19/02/2020;31,45666667;44,65;19,48;7,016803228;22,73833333;39,162;44,65;15,03;7,72;2020
20/02/2020;29,895;40,15;24,1;5,060422735;24,49166667;31,244;35,98;1,67;8,48;2020
21/02/2020;30,85041667;39,43;22,53;5,402389551;25,16833333;33,378;37,71;5,89;7,21;2020
22/02/2020;23,81041667;33,44;14,15;4,72507785;22,68;26,326;33,44;7;7,55;2020
23/02/2020;19,19958333;30,11;11,46;6,164762049;18,16166667;23,48;30,11;11,82;7,3;2020
24/02/2020;27,93708333;43;15,02;8,31215688;19,00666667;30,424;36,1;0,19;9,3;2020
25/02/2020;27,02;39,94;12,71;7,743274782;16,11;34,196;39,94;10,18;9,54;2020
26/02/2020;31,41583333;42,17;23,53;4,988804786;25,62333333;36,398;42,17;7,22;7,64;2020
27/02/2020;34,61;48,06;25,17;6,495467316;27,50166667;37,384;48,06;-1,63;12,89;2020
28/02/2020;30,51208333;43,88;15,41;6,42931329;24,79333333;30,268;35,34;-1,91;12,52;2020
29/02/2020;15,87958333;25,61;9,04;3,918845748;12,34166667;21,354;25,61;12,35;4,36;2020
01/03/2020;16,09666667;36,12;5,64;8,702187464;11,775;26,69;36,12;16,45;11,74;2020
02/03/2020;32,86291667;49,5;19,15;7,539093752;22,155;40,152;49,5;18,59;13,45;2020
03/03/2020;36,9425;56,9;24,1;8,556804691;26,12;46,746;56,9;20,3;14,25;2020
04/03/2020;39,43375;64,7;26,8;10,5610403;28,17833333;50,23;64,7;28,19;22,7;2020
05/03/2020;33,69083333;54,64;22,49;8,994701782;24,80833333;30,868;35,82;2,81;12,75;2020
06/03/2020;30,82916667;38,04;19,99;5,476738887;23,21333333;35,502;38,04;8,5;5,2;2020
07/03/2020;28,32166667;39,95;20,8;4,783076749;23,95333333;33,832;39,95;11,29;8,04;2020
08/03/2020;18,62333333;34,86;8,67;9,5225155;13,495;31,692;34,86;23,3;7,13;2020
09/03/2020;36,16666667;58,98;24,06;9,249255042;24,78166667;44,532;58,98;13,67;14,34;2020
10/03/2020;26,4075;37,1;13,06;6,260027261;18,73833333;29,814;37,1;8,54;8,45;2020
11/03/2020;26,04375;37,99;9,26;8,235467734;14,475;32,316;37,99;10,13;10,19;2020
12/03/2020;25,26458333;39,63;2,9;10,44199838;10,43666667;34,46;39,63;15,24;12,62;2020
13/03/2020;29,48208333;42,5;11,98;7,664201923;21,25666667;37,638;42,5;8,08;11,51;2020
14/03/2020;29,31166667;38,53;19,11;4,776339936;28,34333333;32,988;38,53;3,24;12,93;2020
15/03/2020;14,05541667;32,08;-3,21;10,51781097;11,745;27,02;32,08;16,44;9,92;2020
16/03/2020;30,97583333;61,79;19,92;9,592775323;21,37666667;43,106;61,79;8,07;19,87;2020
17/03/2020;28,31791667;38,23;22,02;4,698862933;23,01666667;33,484;38,23;2,47;6,6;2020
18/03/2020;26,4575;40,38;20,34;5,559006988;21,95333333;33,394;40,38;7,18;8,51;2020
19/03/2020;25,33083333;33,64;20,31;3,931651845;23,50166667;24,766;33,64;-9,16;12,55;2020
20/03/2020;20,6975;28,92;13,75;3,937186426;18,18166667;22,07;28,92;-2,16;8,86;2020
21/03/2020;11,21416667;23,86;1,95;4,908446063;10,51166667;18,008;23,86;12,26;6,71;2020
22/03/2020;6,317083333;22,93;-25,08;10,0142188;7,911666667;16,992;22,93;11,12;13,1;2020
23/03/2020;17,05583333;33,14;9,28;6,859917553;11,525;26,444;33,14;6,35;7,24;2020
24/03/2020;20,28375;33,78;13;5,170688973;18,11;26,228;33,78;-0,66;10,81;2020
25/03/2020;22,56958333;34,48;17,57;4,293638853;19,74833333;26,666;34,48;0,99;7,65;2020
26/03/2020;21,44916667;32,46;15,71;4,286288469;19,21;25,93;32,46;-0,87;11,13;2020
27/03/2020;21,47291667;30;15,66;3,765536487;19,47;24,856;30;-0,3;5,65;2020
28/03/2020;13,71916667;21,93;-0,02;6,753011513;18,52333333;16,922;21,93;-1,34;9,33;2020
29/03/2020;7,526666667;20,14;-10,79;8,433390502;9,738333333;12,046;17,9;6,05;9,18;2020
30/03/2020;22,12416667;31,44;14,37;5,184590812;19,22166667;23,226;28,98;-6,94;8,18;2020
31/03/2020;22,12666667;29,02;15,83;3,840651741;20,49166667;23,006;29,02;-6,27;6,08;2020
01/04/2020;23,2525;29,43;17,46;4,060245495;21,01666667;26,746;29,43;-1,3;5,09;2020
02/04/2020;21,61375;27,8;12,65;4,409827772;21,155;23,5;27,3;-2,6;5,51;2020
03/04/2020;22,46166667;29,15;17,03;4,159775983;20,225;24,886;28,22;-0,76;5,31;2020
04/04/2020;16,05416667;21,79;8,6;4,209173126;18,33166667;15,716;19,39;-2,4;10,79;2020
05/04/2020;5,559166667;19,08;-21,06;8,77289101;7,47;13,794;19,08;7,35;16,24;2020
06/04/2020;13,61875;21,46;3,66;5,308094977;9,636666667;15,62;18,55;3,59;6,48;2020
07/04/2020;16,63666667;23,66;11,71;3,148837835;16,79333333;15,252;18,71;-3,65;5,85;2020
08/04/2020;15,35083333;22,66;10,69;3,089987923;16,19333333;15,258;17,75;1,2;4,88;2020
09/04/2020;16,47458333;22,66;11,86;3,048298141;17,405;14,962;17,02;-1,35;7,85;2020
10/04/2020;14,37708333;20,08;9,16;3,359031277;12,195;16,602;20,08;1,69;5,41;2020
11/04/2020;13,5925;21,8;5,1;3,891331783;14,03833333;14,52;17,05;-0,15;6,73;2020
12/04/2020;10,57583333;21,81;0;7,032724697;11,295;14,232;21,81;-6,48;16,64;2020
13/04/2020;-6,13125;14,74;-75,82;23,19578097;3,441666667;1,474;14,37;4,82;35,11;2020
14/04/2020;12,7525;21,13;0;6,138130469;11,32833333;12,166;17,82;-3,25;7,06;2020
15/04/2020;14,0875;19,74;6,36;3,436564576;13,59666667;15,722;18,01;0,23;4,08;2020
16/04/2020;12,75958333;17,34;7,96;2,592647596;10,88833333;13,738;16,56;2,8;3;2020
17/04/2020;14,57708333;22,1;9,55;3,567179472;13,765;14,764;17,71;2,09;3,76;2020
18/04/2020;14,90125;21,16;9,89;2,968093097;13,92666667;14,418;19,31;-1,23;4,45;2020
19/04/2020;6,757083333;14,01;-20,4;9,432599107;8,975;10,13;12,73;-0,46;15,07;2020
20/04/2020;5,011666667;15,81;-23,12;11,19071341;3,301666667;12,624;15,81;5,07;18,64;2020
21/04/2020;4,145833333;11,43;-8,65;6,402363637;3,496666667;8,244;11,17;-1,8;8,35;2020
22/04/2020;9,86;22,19;-5,72;7,609795747;9,486666667;16,36;22,19;4,14;6,71;2020
23/04/2020;18,05333333;23,94;12,69;3,447380438;16,96666667;20,65;23,94;4,3;2,86;2020
24/04/2020;18,22458333;23,08;10;3,744975741;17,36166667;20,322;23,08;0,79;5,65;2020
25/04/2020;15,55833333;22,7;7,76;4,002793228;15,085;18,45;22,7;2,21;3,32;2020
26/04/2020;14,86791667;25,15;5,56;5,17608714;15,29333333;17,41;24,1;2;5,49;2020
27/04/2020;20,07041667;24,1;13,64;2,413095575;17,80166667;21,092;24,1;0,27;3,65;2020
28/04/2020;18,40166667;24,93;12,21;4,285779993;14,56;18,624;24,56;0,76;4,9;2020
29/04/2020;11,955;20,71;5,95;3,380594236;9,935;13,444;20,71;0,05;9,66;2020
30/04/2020;7,51625;11,23;5,3;2,093438637;5,451666667;8,146;10,2;0,46;4,57;2020
01/05/2020;6,07;19;1,02;5,419963902;5,643333333;8,968;14,61;8;5,96;2020
02/05/2020;11,81166667;24,38;5,25;5,839927536;10,96;15,402;23,51;4,8;5,51;2020
03/05/2020;12,30125;23,01;5,57;5,615113389;12,925;15,564;21,68;1,87;3,34;2020
04/05/2020;16,18166667;22,92;10,5;3,541511182;14,2;15,674;20,37;-1,06;4,47;2020
05/05/2020;18,47291667;25,34;12,93;3,614228499;16,28833333;20,742;25,04;5,51;3,46;2020
06/05/2020;21,21791667;26,55;16,02;3,382087057;19,07166667;23,416;25,42;-0,07;4,15;2020
07/05/2020;20,61791667;25,77;17,04;2,444662294;19,64;22,124;24,2;3,96;3,99;2020
08/05/2020;19,3775;26,12;12,41;3,324712802;19,6;21,43;25,06;2,97;5,47;2020
09/05/2020;17,75916667;22,89;12,5;2,793724204;17,72333333;15,864;17,89;-5,85;5,76;2020
10/05/2020;9,397916667;15,5;0,93;4,521665698;8,458333333;12,138;14,99;5,4;13,48;2020
11/05/2020;11,91916667;21,85;-2,24;8,072195928;6,365;17,884;20,7;16,94;7,44;2020
12/05/2020;21,58;27,94;16,81;3,881523681;19,21666667;25,82;27,94;8,47;6,2;2020
13/05/2020;21,84333333;27,75;13,77;4,044320405;19,135;19,424;25;-1,53;6,48;2020
14/05/2020;19,08166667;26,03;11,07;4,809578004;14,89166667;20,1;25,43;1,96;8,92;2020
15/05/2020;18,81;23,01;10,26;3,792017932;14,65833333;19,946;23,01;2,88;7,28;2020
16/05/2020;15,96041667;23,56;10,89;3,699868951;16,45166667;18,502;22,55;4,06;4,5;2020
17/05/2020;10,13166667;23,95;-11,79;10,23899098;14,64333333;17,82;23,95;7,18;10,49;2020
18/05/2020;17,04416667;24,24;10,27;4,278940256;13,935;19,406;24,24;8,21;7,66;2020
19/05/2020;19,90166667;25,39;14,88;3,561824968;16,82;22,654;25,39;8,85;9,3;2020
20/05/2020;19,55166667;25,12;14,06;3,035757432;18,22;21,38;25,12;6,95;5,39;2020
21/05/2020;17,73208333;24,51;12,14;3,94376225;16,58833333;21,946;24,51;6,91;6,69;2020
22/05/2020;14,36875;22,81;6,69;4,769710877;11,73333333;18,818;22,02;11,21;6,51;2020
23/05/2020;10,55625;16,72;-1,42;4,916446059;6,178333333;10,84;13,73;-4,37;12,29;2020
24/05/2020;-8,86875;17,97;-48,17;21,02689113;-6,016666667;10,2;15,67;38,8;34,35;2020
25/05/2020;17,27791667;24,1;7,91;5,147959477;11,81;21,038;24,1;4,13;6,03;2020
26/05/2020;16,56125;23,59;9,3;4,179006864;13,325;18,5;21,67;0,23;5,92;2020
27/05/2020;19,35;26,85;10,21;4,076312272;15,18166667;19,564;23,88;5,78;9,57;2020
28/05/2020;17,18875;24,99;10,27;3,924366814;13,045;18,486;24,99;2,05;9,89;2020
29/05/2020;17,10875;25;8,62;4,988612522;13,22333333;19,416;25;7,02;9,52;2020
30/05/2020;11,29333333;17,91;2,17;4,649979585;12,305;14,986;17,58;3,7;6,27;2020
31/05/2020;2,205;15,2;-40,79;14,27315997;9,796666667;8,818;13,58;-0,58;23;2020
01/06/2020;9,380833333;23,37;-9,96;9,288555331;10,02;18,028;22;9,26;10,51;2020
02/06/2020;20,99708333;26,94;12,88;4,164530851;17,68666667;24,09;25,36;4,39;6,95;2020
03/06/2020;25,07416667;33,62;14,06;4,931807956;18,62666667;27,874;30,69;8,27;8,48;2020
04/06/2020;22,43875;33,04;14,9;5,979059336;16,34333333;20,814;23,94;-2,04;6,42;2020
05/06/2020;17,24916667;29,4;3,73;7,796519801;12,545;21,404;25,62;9,57;13,33;2020
06/06/2020;8,6675;23,91;-3,46;9,747924751;7,168333333;18,736;23,27;16,34;9,73;2020
07/06/2020;17,90333333;32,09;10,64;6,736126914;16,35666667;22,794;28,32;10,18;4,06;2020
08/06/2020;29,91375;37,55;20,02;4,862884108;23,43333333;33;37,55;9,53;8,91;2020
09/06/2020;29,835;40;22,74;4,360039888;23,975;33,706;40;4,36;7;2020
10/06/2020;30,1625;35;21,36;4,793523937;22,72333333;32,746;34,91;6,1;5,6;2020
11/06/2020;23,75375;30,65;17,96;4,041102747;19,51666667;27,412;30,65;4,52;4,57;2020
12/06/2020;20,86833333;27,51;16;3,671603922;17,69333333;24,404;27,51;4,39;3,98;2020
13/06/2020;20,30416667;25,96;15,84;2,879229844;19,89833333;23,136;25,96;2,6;3,43;2020
14/06/2020;19,41375;27,91;14,49;4,350433074;18,32833333;22,884;25,97;6,14;3,54;2020
15/06/2020;31,77;43,52;17,4;6,888926843;22,04833333;38,3;43,52;8,07;8,57;2020
16/06/2020;32,8075;40,66;24,34;4,601302509;26,97166667;35,636;40,66;5,3;5,66;2020
17/06/2020;34,49625;44,71;25,26;5,14496868;27,17666667;38,652;44,71;9,2;5,66;2020
18/06/2020;31,93125;36,99;22,82;5,004018657;24,35166667;35,392;36,99;6,37;5,69;2020
19/06/2020;29,95875;37,8;22,2;5,066078419;23,705;32,72;34,22;2,55;6,99;2020
20/06/2020;24,38083333;34,94;15,27;5,928098835;23,355;30,122;34,77;6,45;4,69;2020
21/06/2020;18,80708333;32,93;8,26;7,302746642;19,43166667;25,28;29,93;13,85;9,19;2020
22/06/2020;30,80958333;38,58;20,61;5,506043699;23,885;35,512;37,63;3,7;7,65;2020
23/06/2020;32,73041667;42,17;24,4;5,018836241;27,69;37,99;42,17;1,77;7,78;2020
24/06/2020;34,925;46,69;26,76;5,212631815;27,97333333;41,194;46,69;9,67;5,76;2020
25/06/2020;36,21666667;44,13;25,43;5,667405408;27,56333333;40,442;44,13;5,06;7,39;2020
26/06/2020;35,63083333;46,8;25,59;5,600265457;28,43;41,056;46,8;6,38;7,25;2020
27/06/2020;26,08375;32,91;17,52;4,515560356;25,78333333;28,952;32,28;1,74;7,27;2020
28/06/2020;18,46458333;36;2,23;9,648380346;17,74333333;27,976;35,07;12,59;14,67;2020
29/06/2020;29,71416667;39,04;17,4;6,390758216;21,48;33,022;34,95;6,57;8,48;2020
30/06/2020;34,84208333;40,01;20,05;6,287557056;25,92666667;38,18;39,9;8,3;5,81;2020
01/07/2020;35,22791667;43,29;25,07;5,787955244;28,26166667;38,922;43,29;3,69;7,12;2020
02/07/2020;39,57791667;52,24;27,2;6,64650021;31,52166667;46,068;52,24;7,5;8,31;2020
03/07/2020;35,8125;49,95;24,39;5,774123122;29,54833333;36,156;38,87;-1,62;8,19;2020
04/07/2020;21,28458333;29,19;11,94;5,445934247;17,63833333;26,22;28,03;12,33;6,89;2020
05/07/2020;3,6125;30,28;-19,17;17,12938214;5,085;18,452;26,4;34,71;25,08;2020
06/07/2020;27,75916667;37,23;8,39;8,163796494;18,15666667;32,29;35,31;6,25;9,69;2020
07/07/2020;35,48916667;40,84;27,15;4,373216821;29,74833333;39,196;40,84;4,71;5,93;2020
08/07/2020;41,79958333;55;29,55;7,08026251;32,58833333;50,206;55;15,15;7,08;2020
09/07/2020;41,60166667;51,7;30;6,068405468;33,18666667;46,672;51,7;8,18;7,2;2020
10/07/2020;37,74416667;42,94;29,9;4,020679065;31,71666667;38,772;40,79;2,34;5,24;2020
11/07/2020;29,38916667;37,73;25,12;4,0507701;28,24833333;32,596;36,15;4,33;3,92;2020
12/07/2020;24,71125;37,74;14,76;7,613327738;25,92166667;32,642;37,74;7,37;6,07;2020
13/07/2020;35,1975;45,56;25,07;5,78798249;27,66833333;41,908;45,56;6,16;8,13;2020
14/07/2020;35,36625;45;26,77;5,684611426;29,24;42,004;45;14,44;5,41;2020
15/07/2020;40,23541667;48,52;28,73;5,905036155;31,47666667;43,666;47,3;5,12;6,94;2020
16/07/2020;40,42125;53,87;27,04;7,739429432;30,195;44,076;47,53;15,81;9,6;2020
17/07/2020;37,04916667;44,86;28,68;5,133604477;30,13333333;40,404;42,01;9,54;10,1;2020
18/07/2020;30,0675;39,45;25,43;5,090818035;28,06;35,41;38,41;8,85;6,61;2020
19/07/2020;28,17791667;40,42;19,46;5,966343997;27,01166667;33,484;37,95;4,86;6,35;2020
20/07/2020;35,53333333;43,9;26;5,375467354;27,41833333;40,504;43,9;3,88;8,17;2020
21/07/2020;36,28791667;42,93;26,51;5,139963609;28,38666667;40,856;42,93;6,71;6,21;2020
22/07/2020;37,995;45,51;26,07;5,796962473;29,235;42,628;45,51;7,51;6,54;2020
23/07/2020;39,23875;45,23;26,76;6,221808987;29,14666667;43,16;45,23;6,04;6,98;2020
24/07/2020;34,27958333;40,8;24,69;5,061117319;27,83833333;35,496;37,39;4,94;6,05;2020
25/07/2020;26,55708333;32,22;21,22;3,420047647;24,89666667;29,824;32,22;3,75;6,33;2020
26/07/2020;20,80208333;40,99;7,9;10,20718033;21,915;26,984;35,97;16,38;17,55;2020
27/07/2020;34,46708333;40,6;22,11;6,329772631;24,59833333;37,2;39,36;2,5;8,39;2020
28/07/2020;33,81666667;40,7;17,11;7,930299992;22,755;36,892;38,53;10,73;8,68;2020
29/07/2020;38,05208333;47,27;25,27;6,0128283;29,55666667;42,86;47,27;9,99;7,06;2020
30/07/2020;40,67208333;56,84;26,99;7,473104226;31,21333333;49,69;56,84;10,26;10,85;2020
31/07/2020;41,37791667;53,32;27,45;7,121743789;30,965;48,224;53,32;11,59;8;2020
01/08/2020;32,43958333;38,78;27,45;3,777507206;28,89;37,196;38,78;10,65;5,81;2020
02/08/2020;28,31083333;38,43;23,86;4,306876117;26,17666667;31,254;35,49;3,07;4,92;2020
03/08/2020;37,15958333;45,45;25,06;6,221624616;27,44833333;42,396;45,45;7,98;6,19;2020
04/08/2020;35,26625;41,2;23,66;5,47177327;27,91;40,3;41,2;10,11;5,94;2020
05/08/2020;33,34541667;43,4;19,5;6,801945361;25,01333333;40,106;43,4;10,9;7,68;2020
06/08/2020;37,055;53,96;24,06;6,980579271;28,33333333;45,93;53,96;11,39;10,57;2020
07/08/2020;38,33583333;50,11;27,48;5,752053635;30,99166667;45,102;50,11;8,93;6,29;2020
08/08/2020;32,99916667;41,2;27,39;4,315374856;30,005;38,658;41,2;8,62;6,31;2020
09/08/2020;30,34;42,11;24,4;6,303738021;28,075;37,284;41,82;10,3;5,54;2020
10/08/2020;38,95708333;52,74;26,1;6,454219031;29,86333333;46,404;52,74;9,48;7,77;2020
11/08/2020;40,13375;50,92;30,49;5,343465585;33,05833333;46,566;50,92;12,03;5,92;2020
12/08/2020;40,48708333;56,4;30,09;6,657043657;31,995;48,966;56,4;17,12;8,82;2020
13/08/2020;39,44;53,39;27,92;6,414223326;30,81833333;47,724;53,39;14,62;6,97;2020
14/08/2020;38,1725;46,08;30,07;4,384499624;32,62;42,268;46,08;7,34;4,73;2020
15/08/2020;31,6675;39,93;26,07;4,313373793;30,53;35,94;39,93;5,09;4,98;2020
16/08/2020;28,96125;40,21;19,66;6,314442598;27,90166667;35,814;40,21;8;5,89;2020
17/08/2020;40,53666667;55,8;27,75;7,996496334;30,545;51,734;55,8;16,35;6,25;2020
18/08/2020;41,74833333;58,05;29,92;8,042816761;32,58666667;52,128;58,05;14,18;7,57;2020
19/08/2020;37,97166667;50,9;28,6;5,718275558;31,40666667;45,318;50,9;6,9;7,06;2020
20/08/2020;38,04375;59,85;25,01;8,788155474;27,885;50,772;59,85;14,99;11,86;2020
21/08/2020;32,83291667;41,83;20,97;6,457142644;24,92166667;39,452;41,83;10,57;7,3;2020
22/08/2020;24,67041667;35,07;7,8;7,326366013;23,07833333;30,72;35,07;3,11;10,59;2020
23/08/2020;22,79625;38,87;6,87;9,6487286;21,40333333;31,532;38,87;14,13;12,05;2020
24/08/2020;46,04333333;70,16;25,5;12,0031165;31,31166667;60,81;70,16;16,08;10,89;2020
25/08/2020;38,58125;48,09;25,13;5,740246406;30,96;41,52;43,25;-2,72;9,35;2020
26/08/2020;39,03208333;56,85;8,65;13,06006524;24,41333333;50,922;56,85;13,29;13,34;2020
27/08/2020;52,78583333;90;37,3;14,48694312;39,07833333;75,778;90;27,46;19,52;2020
28/08/2020;42,47041667;52,11;32,01;6,067242393;34,08833333;48,436;52,11;7,1;6,83;2020
29/08/2020;36,5075;46,91;28,31;5,713642142;31,75;43,854;46,91;14,38;6,98;2020
30/08/2020;33,58083333;43,13;29,23;4,505289564;31,55833333;38,3;43,13;4,59;3,9;2020
31/08/2020;55,13875;79,06;28,43;15,04984741;33,03833333;70,734;79,06;26,36;14,7;2020
01/09/2020;50,21166667;67,24;34,91;9,711257773;37,45833333;60,304;67,24;11,92;10,92;2020
02/09/2020;50,29125;71,11;34,72;10,57343485;38,43333333;60,63;68,89;10,27;12,1;2020
03/09/2020;47,13958333;59,99;35,43;7,178580748;38,62833333;53,458;59,99;0,62;10,77;2020
04/09/2020;44,17458333;54,93;29,55;7,066844803;34,5;49,906;54,93;4,78;10,24;2020
05/09/2020;35,05791667;46,84;29,01;4,823888905;30,85833333;40,958;46,84;6,61;5,83;2020
06/09/2020;35,355;49,44;29,39;6,536148314;31,65;44,098;49,44;11,21;6,91;2020
07/09/2020;45,99708333;65,05;30,53;10,29022689;32,57333333;55,362;62,37;7,65;13,81;2020
08/09/2020;47,18291667;68,37;30,55;9,861788567;34,18833333;58,326;68,37;11,4;12,57;2020
09/09/2020;49,90583333;63,96;34,77;8,003499189;38,03666667;57,66;63,96;7,94;10,67;2020
10/09/2020;51,3725;78,01;34,4;11,21800116;38,79166667;66,444;78,01;20,63;12,2;2020
11/09/2020;52,55125;69,45;36,79;9,966665882;40,39833333;56,454;64,21;2,68;11,6;2020
12/09/2020;39,30666667;49,98;32,37;4,719865203;35,24166667;45,978;49,98;8,47;6,67;2020
13/09/2020;34,94208333;50,92;26,97;7,020650892;31,48166667;44,36;50,92;10,86;8,6;2020
14/09/2020;56,04625;120,62;32,32;20,12450978;36,575;86,15;120,62;30,98;39,64;2020
15/09/2020;73,69541667;189,25;37,77;35,74691911;42,3;125,682;189,25;76,69;58,66;2020
16/09/2020;57,35375;86,53;37,88;12,34483515;42,885;63,762;73,22;8,45;16,41;2020
17/09/2020;50,21666667;79,84;34,52;11,15145912;35,71833333;64,35;79,84;18,5;13,34;2020
18/09/2020;45,02708333;58,11;34,19;6,852273808;36,43833333;51,402;56,23;8,06;8,12;2020
19/09/2020;39,78416667;51,05;30,75;6,057045425;34,44833333;48,024;51,05;13,64;7,25;2020
20/09/2020;38,89416667;51,91;32,95;6,201895164;35,18166667;47,756;51,91;11,19;7,68;2020
21/09/2020;65,37375;200,04;33,64;33,16523203;39,245;103,3;200,04;37,33;109,23;2020
22/09/2020;55,41291667;84,35;40;12,06177883;41,26333333;67,748;84,35;17,03;19,92;2020
23/09/2020;48,68458333;60,82;36,47;7,575968286;38,08833333;53,858;60,82;11,16;8,67;2020
24/09/2020;43,4775;67,57;28,61;9,328736459;32,20666667;53,996;67,57;11,8;13,64;2020
25/09/2020;42,10041667;58,28;27,2;10,00738791;29,885;48,914;52,84;8,56;12,9;2020
26/09/2020;32,52958333;45,49;19,92;6,737710538;24,05833333;39,542;45,49;10,54;8,11;2020
27/09/2020;32;51,95;12;11,43656797;20,125;46,458;51,95;28,37;8,6;2020
28/09/2020;48,14916667;80,03;28,6;11,75159302;32,835;60,868;80,03;14,1;18,89;2020
29/09/2020;59,52041667;128,31;34,79;19,82037785;39,725;79,014;128,31;22,11;54,62;2020
30/09/2020;50,315;72,8;34,07;10,49576353;38,72;58,382;72,43;9,15;12,29;2020
01/10/2020;43,98;58,29;29,75;8,782538506;31,79666667;51,992;58,29;9,06;9,49;2020
02/10/2020;38,34833333;53,09;16,93;9,798649715;26,165;42,682;52;12,66;18,58;2020
03/10/2020;29,34208333;48,92;11,35;9,414221425;19,00666667;39,176;48,92;16;9,28;2020
04/10/2020;17,2975;46,61;2,5;13,13540163;10,80666667;37,666;46,61;31,72;23,29;2020
05/10/2020;34,7925;55,27;6;13,54520844;15,865;47,712;55,27;14;15,07;2020
06/10/2020;35,59125;49,35;10,74;10,08228076;21,39333333;42,974;49,35;11,82;11,74;2020
07/10/2020;38,88875;52,97;18,58;9,535821851;26,63833333;46,874;52,97;8,69;9,74;2020
08/10/2020;37,44333333;52,39;22,02;8,468247941;28,64166667;45,042;52,39;5,61;10,92;2020
09/10/2020;42,37916667;62,44;29,54;8,738393006;32,02166667;44,97;51,29;1,85;11,55;2020
10/10/2020;33,21625;47,1;27,75;5,144244409;29,56;40,098;47,1;11,54;7,19;2020
11/10/2020;32,94666667;49,08;25,49;6,392120603;27,59;42,226;49,08;15,52;10,2;2020
12/10/2020;47,95041667;78,68;28,72;12,64860896;31,48166667;60,534;78,68;20,61;15,15;2020
13/10/2020;46,91833333;70;31,58;10,75218468;33,655;54,378;65,44;8,97;12,2;2020
14/10/2020;43,30875;62,62;31,16;9,616852198;33,57;47,412;61,92;6,89;16,34;2020
15/10/2020;44,21166667;60,73;29,78;8,201619494;32,74666667;50,96;60,73;11,99;8,74;2020
16/10/2020;48,40333333;67,85;33,02;9,257443382;37,175;54,652;65;9,37;13,05;2020
17/10/2020;41,68125;50,46;35,59;4,58707666;37,765;46,674;50,46;10,9;5,9;2020
18/10/2020;38,98541667;49,6;31,5;5,057320118;35,38333333;45,772;49,6;8,06;7,51;2020
19/10/2020;44,35083333;70,3;29,04;10,77476235;32,885;47,664;54,61;3,53;13,91;2020
20/10/2020;39,30833333;49,02;24,8;7,825854956;28,18;45,338;49,02;12,57;13,06;2020
21/10/2020;39,28791667;54,14;26,9;8,584871415;30,24333333;46,274;54,14;6,4;10,91;2020
22/10/2020;44,6075;56,63;23,83;9,196738671;31,23;51,904;56,63;11,69;10,63;2020
23/10/2020;46,78041667;59,9;34,35;7,602881879;36,43666667;49,398;53,37;8,51;8,33;2020
24/10/2020;28,86166667;41,33;5,51;9,107346612;20,73;35,232;41,17;14,69;27,5;2020
25/10/2020;18,88083333;46,88;-7,72;16,57509497;2,601666667;41,004;46,88;45,41;12,4;2020
26/10/2020;40,36625;50,22;18,8;10,59922754;24,04166667;47,402;50,22;9,14;14,87;2020
27/10/2020;38,88666667;47,69;28,04;6,359625821;30,51333333;42,756;47,69;4,04;10,73;2020
28/10/2020;38,02916667;51,21;17,68;9,587879539;24,77166667;43,966;51,21;16,31;9,93;2020
29/10/2020;37,06666667;50,1;8,28;12,83484614;17,465;45,834;50,1;14,88;12,28;2020
30/10/2020;33,51041667;49;5,43;13,09028232;14,41;44,992;49;20,74;12,14;2020
31/10/2020;31,70125;38,74;24,86;4,024609419;28,85666667;34,372;38,61;8,08;8,35;2020
01/11/2020;16,94208333;35,81;3,36;9,96439312;12,835;29,846;35,81;31,37;19,59;2020
02/11/2020;27,93375;51,02;-7,97;16,67523908;3,551666667;43,844;51,02;26,18;24,72;2020
03/11/2020;37,22833333;47,53;19,59;7,934780163;25,04666667;43,856;47,53;13,51;8,99;2020
04/11/2020;41,7525;60,12;29,8;8,50622547;30,96333333;49,554;60,12;18,84;11,06;2020
05/11/2020;39,2425;52,4;30,02;6,629871958;31,67666667;46,506;52,4;15,08;7,13;2020
06/11/2020;40,52375;52;30,05;6,682170835;32,03;45,47;52;7,39;10,59;2020
07/11/2020;35,335;48,84;29;5,40476199;31,30166667;44,222;48,84;17,87;8,53;2020
08/11/2020;34,97333333;47,96;26,84;5,623611455;29,83833333;43,94;47,96;18,36;6,35;2020
09/11/2020;44,3225;61,61;31;8,2880161;32,15833333;52,666;61,61;17,24;11,22;2020
10/11/2020;46,63916667;64,79;32;8,623892956;34,45;54,086;64,79;19,44;11,78;2020
11/11/2020;39,59916667;51,82;32,65;5,641615492;34,21;45,722;51,82;16,62;11,4;2020
12/11/2020;41,09458333;52,72;29,18;6,707238127;31,70333333;47,03;52,72;12,9;6,37;2020
13/11/2020;41,435;50,05;29,38;6,792362719;31,23166667;46,29;50,05;12,91;9,34;2020
14/11/2020;35,01208333;44,56;4,04;8,227309761;28,01333333;37,472;44,56;12,14;31,5;2020
15/11/2020;13,1675;29,51;0,13;9,211730352;1,943333333;23,176;29,51;28,54;6,52;2020
16/11/2020;32,535;51,9;-4,23;18,32627906;4,561666667;46,668;51,9;26,79;24,52;2020
17/11/2020;40,40541667;50;25,53;7,101805024;29,72166667;46,014;50;12,91;6,76;2020
18/11/2020;38,72;48,39;21,13;6,977008204;29,62;41,026;46,97;6,23;12,26;2020
19/11/2020;34,40125;49,93;3,9;12,77296;15,955;46,452;49,93;17,65;19,13;2020
20/11/2020;44,52083333;58,68;32,76;7,397221521;33,76166667;51,18;58,68;13,54;10,72;2020
21/11/2020;38,39416667;50,98;30,4;6,451579461;32,125;47,77;50,98;18,67;6,89;2020
22/11/2020;38,06666667;50,75;28,4;5,893883836;31,98166667;46,29;50,75;17,82;6,85;2020
23/11/2020;48,62875;62,03;33,02;8,225662026;37,365;54,87;60,49;12,44;8,49;2020
24/11/2020;46,62083333;55,92;36,28;6,369207115;37,775;52,292;55,92;9,33;7,48;2020
25/11/2020;47,82083333;61,54;33,26;8,214763971;36,12166667;55,072;61,54;15,5;9,53;2020
26/11/2020;55,00708333;79,81;36,57;11,91727773;38,975;65,598;79,81;33,86;13,98;2020
27/11/2020;60,40166667;79,66;40,37;12,68391095;43,98833333;67,006;79,66;26,54;15,58;2020
28/11/2020;47,40916667;56,14;41,12;4,055325985;42,98833333;52,19;56,14;14,17;4,5;2020
29/11/2020;45,84166667;58,97;35,97;6,868445598;38,71666667;56,126;58,97;19,89;6,06;2020
30/11/2020;54,64791667;77,18;38,82;10,03431589;42,075;58,798;63,83;6,58;14,04;2020
01/12/2020;55,7675;77,98;36,08;11,46467742;40,57166667;66,092;77,98;28,89;15,92;2020
02/12/2020;74,43;110,56;43,42;23,9707327;45,67833333;81,386;110,56;40,45;25,09;2020
03/12/2020;52,34291667;66,3;31,61;9,128952261;42,17;53,334;60,45;6,42;13,69;2020
04/12/2020;51,97208333;66,1;25;12,1121423;35,40166667;60,756;66,1;28,26;16,3;2020
05/12/2020;50,84875;67,63;38,28;8,175393256;40,96333333;59,808;67,63;24,07;6;2020
06/12/2020;46,11666667;63,1;33,59;8,700922823;36,30666667;56,786;63,1;24,93;7,25;2020
07/12/2020;62,25958333;88,19;30,25;19,29064348;36,13333333;76,698;88,19;39,34;15,73;2020
08/12/2020;66,81291667;105,58;37,28;20,15424165;40,80833333;84,146;105,58;52,56;21,83;2020
09/12/2020;76,21166667;114;36,19;29,42212472;39,96;85,348;114;52,76;26,8;2020
10/12/2020;70,05875;105,41;36,19;24,3889728;39,46833333;77,242;105,41;39,76;23,5;2020
11/12/2020;52,1575;65,42;33,59;10,89186863;36,04666667;58,69;65,42;25,7;17,69;2020
12/12/2020;46,5675;57,92;35,25;7,419966161;37,87666667;53,902;57,92;22,67;5,14;2020
13/12/2020;43,765;53;34,01;6,00386687;36,725;49,868;53;17,12;6,59;2020
14/12/2020;47,84583333;66,16;25,18;11,50668725;31,00166667;57,984;66,16;26,29;11,95;2020
15/12/2020;52,73666667;68,8;34;10,40546916;37,53833333;62,556;68,8;21,95;11,36;2020
16/12/2020;51,8775;63,95;39,04;8,083652989;40,285;58,602;62,87;18,16;14,14;2020
17/12/2020;55,15333333;68,9;38,8;9,187596396;41,445;62,726;68,9;19,53;10,08;2020
18/12/2020;48,11375;58,91;35,12;8,50857103;37,39833333;51,802;57,33;13,56;12,62;2020
19/12/2020;38,83166667;53,37;23,32;9,100738463;31,15333333;49,658;53,37;29,84;9,74;2020
20/12/2020;41,56541667;52,81;29,01;7,364264466;33,23166667;49,2;52,81;20,87;7,32;2020
21/12/2020;44,13208333;55,5;10,6;10,45192721;30,60166667;48,53;53,46;9,2;24,2;2020
22/12/2020;35,8775;54,15;-1,75;18,52597618;8,591666667;49,982;54,15;30,09;16,99;2020
23/12/2020;40,69375;53,14;7,59;11,28673936;28,40666667;44,286;52,08;15,06;26,61;2020
24/12/2020;30,99791667;48,28;0,04;16,01189693;8,841666667;41,94;48,28;38,71;23,24;2020
25/12/2020;26,2725;49,74;8;14,71612137;17,83;44,754;49,74;34,42;13,73;2020
26/12/2020;28,45041667;44,18;3,13;9,279812816;19,12166667;35,798;44,18;25,95;27,12;2020
27/12/2020;20,90416667;47,7;-9,01;16,33832196;3,255;41,4;47,7;47,78;19,46;2020
28/12/2020;42,83458333;56,98;11,24;14,24132748;21,31;52,826;56,98;21,85;14,67;2020
29/12/2020;49,54708333;59,72;34,06;8,243046861;37,77333333;56,934;59,72;16,4;6,04;2020
30/12/2020;50,34791667;60,08;33,5;8,483565175;37,59666667;57,878;60,08;16,77;7,28;2020
31/12/2020;49,52521739;61,34;31,67;9,766208844;33,954;58,43;61,34;22,76;7,54;2020
31/12/2020;50,87;50,87;50,87;;50,87;;#NAME?;;;2021
01/01/2021;48,37958333;60,61;39,63;6,746886225;43,845;58,498;60,61;20,98;7,27;2021
02/01/2021;50,69666667;63,08;37,55;7,717786722;41,03;60,462;63,08;20,99;6,54;2021
03/01/2021;47,36333333;61,09;35,5;8,574494365;40,22666667;58,988;61,09;23,15;8,65;2021
04/01/2021;59,67541667;72,6;41,62;9,375699848;45,56;68,412;72,6;15,05;11,5;2021
05/01/2021;63,9325;80;44,58;10,8153499;48,78666667;72,178;80;21,85;10,15;2021
06/01/2021;71,21208333;101,07;47,2;14,88606877;54,88166667;85,384;101,07;46,07;21,44;2021
07/01/2021;81,565;108,97;49,35;18,18737331;57,26166667;98,028;108,97;41,95;18,98;2021
08/01/2021;84,88708333;114,89;50,86;22,54417026;55,425;100,938;114,89;47,62;21,18;2021
09/01/2021;60,455;71,99;50,25;6,468247528;53,93;66,504;71,99;20,6;7,14;2021
10/01/2021;56,74791667;73,91;48,45;5,926110961;52,28166667;64,424;73,91;14,24;8,8;2021
11/01/2021;67,65;89,06;46,36;12,0635311;51,09833333;74,598;83;20,49;15,39;2021
12/01/2021;63,95583333;78,93;46,57;9,312855965;53,03333333;72,164;78,93;28,88;15,35;2021
13/01/2021;73,51708333;95,46;55,43;12,18588759;58,81833333;77,606;87,69;16,49;12,84;2021
14/01/2021;73,14916667;95,98;43,7;17,17926225;50,47666667;82,232;95,98;30,12;19,86;2021
15/01/2021;73,21833333;98,02;46,6;16,6525819;51,14166667;85,126;98,02;35,05;14,97;2021
16/01/2021;57,24833333;66,5;48,52;6,04168035;52,71833333;61,93;66,4;16,73;8,84;2021
17/01/2021;56,93833333;75;45,42;8,524359809;48,66833333;68,786;75;25,26;8,54;2021
18/01/2021;69,30041667;88,63;46,96;13,29612545;49,67666667;80,294;88,63;20,99;16,64;2021
19/01/2021;60,17291667;75,07;41,31;11,51141342;46,30666667;64,632;74,09;24,42;19,5;2021
20/01/2021;48,13625;64,05;28,38;10,03964135;36,35666667;51,472;58,2;13,23;16,32;2021
21/01/2021;42,18625;58,75;3,15;17,49765545;15,30833333;54,448;57,26;18,34;20,73;2021
22/01/2021;50,59375;66,77;23,03;13,39830061;30,545;60,728;66,77;23,5;13,79;2021
23/01/2021;51,91291667;66,13;38,91;7,637839143;42,69333333;60,694;66,13;23,73;6,92;2021
24/01/2021;49,48666667;65;39,78;7,832930301;41,40833333;60,768;65;24,44;7,65;2021
25/01/2021;62,39333333;79,67;42,2;11,66748126;45,705;69,604;74,86;11,93;16,29;2021
26/01/2021;64,18583333;82,04;46,1;10,55152572;49,92166667;70,82;82,04;22,51;9,52;2021
27/01/2021;59,335;70,67;42,04;10,20174197;44,06666667;66,966;70,6;19,23;14,18;2021
28/01/2021;55,06666667;66,1;42,4;8,173049916;43,65333333;59,224;63,74;10,19;10,12;2021
29/01/2021;47,81458333;60,79;29;9,554576404;34,32;55,844;60,79;15,79;12;2021
30/01/2021;48,22208333;61,65;34,86;8,10965875;38,22833333;56,14;61,65;20,57;14,65;2021
31/01/2021;48,06;63,88;38,61;7,300048243;40,19833333;59,002;63,88;23,51;8,72;2021
01/02/2021;57,26291667;81,58;34,87;11,72006547;39,91666667;66,634;81,58;27,64;18,54;2021
02/02/2021;48,5075;65,05;22,59;10,17835865;36,42;53,604;58,18;8,99;18,52;2021
03/02/2021;42,1575;56,97;6,4;14,03584797;21,765;48,686;53,25;12,05;18,56;2021
04/02/2021;52,79666667;71,5;31,99;10,58862666;37,03333333;62,668;71,5;23,18;10,34;2021
05/02/2021;51,65875;62,02;40,52;6,701960331;42,94666667;54,968;58,63;8,2;8,22;2021
06/02/2021;37,25666667;45,89;18,05;6,627125199;33,02833333;39,392;44,69;8,07;22,47;2021
07/02/2021;26,91208333;55,39;-2,01;19,09188673;8,276666667;48,292;55,39;54,19;17,33;2021
08/02/2021;50,845;64,32;12,79;16,32322405;26,39;60,068;64,32;14,73;18,73;2021
09/02/2021;65,65291667;81,18;46,05;13,14963861;47,71;70,926;80;17,69;18,45;2021
10/02/2021;72,69208333;109,86;47,5;18,34997263;49,65333333;85,91;109,86;49,86;16,38;2021
11/02/2021;79,02041667;136,71;50,02;26,93829301;52,38333333;92,614;133,53;62,63;39,93;2021
12/02/2021;63,63458333;82,76;47,68;11,58683585;48,53333333;71,238;79,95;17,05;13,87;2021
13/02/2021;54,75958333;72,96;44,68;8,376311048;46,27166667;65,454;72,96;27,24;10,33;2021
14/02/2021;47,50708333;62,2;38,46;5,949435837;42,94166667;54,826;62,2;19,54;8,97;2021
15/02/2021;52,58458333;68,28;31,29;11,11333354;37,57833333;59,99;68,28;21,45;16,04;2021
16/02/2021;53,71833333;68,78;42,01;9,20857949;43,225;59,846;68,25;13,94;12,93;2021
17/02/2021;49,98458333;71,27;37,4;9,343790302;39,64833333;60,794;71,27;29,44;11,53;2021
18/02/2021;48,40166667;61,9;37,1;7,965044647;38,925;55,482;61,16;9,07;13,51;2021
19/02/2021;47,8225;62,53;36,03;7,995710943;37,61833333;54,304;62,53;18,21;11,68;2021
20/02/2021;32,02208333;44,99;16,32;7,410528925;32,59666667;37,942;44,99;9,86;18,55;2021
21/02/2021;33,15916667;58,06;12,18;12,66180113;20,77166667;50,294;58,06;38,93;13,31;2021
22/02/2021;48,79166667;65,68;37,22;8,204923054;38,90166667;58,43;65,68;14,52;11,61;2021
23/02/2021;43,72708333;59,22;20,69;9,100331804;35,735;50,448;58,37;14,84;19,44;2021
24/02/2021;36,89333333;60,93;10,65;12,86888045;20,45666667;51,822;60,93;27,33;16,52;2021
25/02/2021;46,69708333;65,73;33,3;9,035494009;36,95;59,208;65,73;21,8;11,34;2021
26/02/2021;47,80916667;60,85;39;7,142459031;41,74333333;54,072;57,91;3,52;11,66;2021
27/02/2021;44,11166667;58,24;34,42;6,969613966;40,30333333;51,696;58,24;14,9;17,17;2021
28/02/2021;41,02291667;59,28;25,7;8,352687919;39,83833333;51,148;59,28;14,82;16,82;2021
01/03/2021;50,20708333;68,49;40,03;9,365874448;42,16166667;59,272;68,49;11,09;13,82;2021
02/03/2021;54,41125;79,31;42,1;10,78845732;44,28166667;67,386;79,31;23,4;20,68;2021
03/03/2021;53,07166667;70;43,81;8,416961998;45,63833333;61,8;70;8,69;11,32;2021
04/03/2021;54,27916667;66,14;43,39;6,849271568;45,46333333;59,012;66,14;6,33;9,33;2021
05/03/2021;52,57208333;67,97;42,03;7,978858466;44,38833333;59,276;65,37;8,94;11,82;2021
06/03/2021;44,96916667;58,87;36,9;5,971556433;42,715;53,478;58,87;14,57;8,37;2021
07/03/2021;46,88291667;60,91;38,11;5,785179325;43,90666667;55,092;60,91;10,6;8,17;2021
08/03/2021;62,08833333;103,71;43,02;16,14886042;46,86833333;79,984;103,71;36,95;30,87;2021
09/03/2021;61,4;93,3;43,09;13,37718889;46,82333333;76,032;93,3;28,46;25,16;2021
10/03/2021;53,6975;69,9;40,17;7,146288334;49,06166667;54,586;61,38;-0,39;12,88;2021
11/03/2021;39,33166667;56,59;16,75;10,09068002;27,44666667;47,17;56,59;15,61;15,06;2021
12/03/2021;37,2775;57,74;13,09;12,49302597;21,72;47,86;55,01;7,07;14,76;2021
13/03/2021;23,48666667;45,99;4,04;10,29028232;19,595;33,43;45,99;7,62;15,67;2021
14/03/2021;25,7875;58,39;5;16,94388828;22,99166667;47,672;58,39;30,8;23,33;2021
15/03/2021;50,13458333;67,82;33,41;9,790546451;38,85666667;59,332;67,82;6,37;14,68;2021
16/03/2021;56,45291667;77,71;43,08;9,542444076;45,07833333;66,356;77,71;11,6;11,7;2021
17/03/2021;56,46625;85;36,46;10,97164599;43,25333333;70,376;85;13,04;18,15;2021
18/03/2021;64,94333333;98,71;47,03;12,07989658;50,875;76,466;98,71;13,92;18,74;2021
19/03/2021;56,46208333;72,99;39,83;9,60551109;52,75833333;62,35;72,99;-5,28;14,92;2021
20/03/2021;51,17916667;68,09;40,98;6,385228821;52,71333333;57,9;68,09;9,96;12,56;2021
21/03/2021;40,39291667;64,82;21,2;12,2103721;40,24166667;55,288;64,82;21,63;14,75;2021
22/03/2021;61,49541667;90,47;47,01;11,1269942;50,34333333;74,076;90,47;13,5;14,97;2021
23/03/2021;63,5675;83,49;52,56;7,605952046;55,88333333;71,498;83,49;6,15;12,09;2021
24/03/2021;61,40833333;84;46,9;9,334962642;55,34666667;71,312;84;5,94;13,09;2021
25/03/2021;59,82916667;85,43;48;10,29620104;51,79833333;70,454;85,43;1,91;14,72;2021
26/03/2021;53,48458333;69,01;39,96;8,562827133;47,32833333;62,298;69,01;0,63;11,91;2021
27/03/2021;36,68541667;66,1;9,69;16,17955741;36,76;57,58;66,1;23,07;28,79;2021
28/03/2021;27,86666667;55,75;-24,61;23,23220566;33,46166667;40,938;55,75;-0,15;28,67;2021
29/03/2021;47,72333333;71,01;19,69;17,18559398;33,62666667;59,446;68,15;5,26;17,93;2021
30/03/2021;56,10708333;78,22;39,78;12,26404589;49,54666667;65,826;77,01;-2,2;13,13;2021
31/03/2021;57,11083333;76,39;43,09;10,31229866;50,54166667;64,728;74,58;1,26;13,45;2021
01/04/2021;53,02875;70,97;40,53;9,006612697;46,97666667;59,298;66,41;0,42;14,2;2021
02/04/2021;40,43625;60,67;2,39;15,88296156;43,70666667;41,84;50,74;-11,52;20,26;2021
03/04/2021;35,25458333;53,2;3;14,22004525;38,82833333;34,054;53,2;-17,41;15,79;2021
04/04/2021;28,02;47,45;0,1;14,74841008;32,29833333;33,202;47,45;-5,8;23,83;2021
05/04/2021;29,20375;60,68;0,7;20,67606888;28,665;39,052;60,68;3,36;19,74;2021
06/04/2021;59,89208333;75,7;43,93;10,7306562;53,91333333;60,244;71,44;-5,44;13,93;2021
07/04/2021;71,86125;92,56;58;10,80476679;63,33166667;75,31;86,99;-20,64;25,77;2021
08/04/2021;71,86708333;99,26;57;10,00065323;66,50666667;75,382;83,16;-1,12;16,4;2021
09/04/2021;72,09166667;86,48;58,12;8,445060644;66,78166667;75,804;84,9;-8,78;12,32;2021
10/04/2021;58,94958333;69,24;50,01;6,150829905;54,86666667;65,278;69,24;6,67;8,01;2021
11/04/2021;53,83875;67,24;41,29;7,822437801;55,30666667;57,808;67,24;-3,61;13,84;2021
12/04/2021;73,28;102,77;53,73;13,44087051;62,36;73,978;80,1;-3,68;16,91;2021
13/04/2021;83,75;162,89;62,36;24,25619921;70,97666667;80,236;88,32;-6,53;59,74;2021
14/04/2021;80,03375;125;61,97;17,62085297;68,30166667;84,444;100;-15,26;30,07;2021
15/04/2021;74,9725;118;57,77;15,00498939;65,85166667;75,022;82,9;-12,76;22,15;2021
16/04/2021;71,20666667;96,1;53,66;10,27430127;66,54833333;72,93;80,1;-4,31;13,69;2021
17/04/2021;64,60791667;78,47;50,72;8,858155652;63,38666667;68,802;78,47;-5,59;14,5;2021
18/04/2021;64,55;81;51,34;9,518891971;65,47333333;71,51;81;4,45;11,09;2021
19/04/2021;82,50333333;117,18;65,16;13,45586171;71,07333333;88,794;100;0,14;18,52;2021
20/04/2021;81,71625;110,41;66,01;12,78698245;72,01;90,102;101,73;-0,45;15,1;2021
21/04/2021;78,11875;92,62;67,3;7,82270292;70,63333333;81,674;86,99;-1,01;10,03;2021
22/04/2021;70,07541667;85;47,95;10,8064916;64,84;73,224;84,42;-4,35;15,91;2021
23/04/2021;65,315;83,73;41,75;12,56467131;62,71166667;70,546;81,02;-13;14,02;2021
24/04/2021;51,72666667;73,43;19,51;14,42482904;54,51166667;62,31;73,43;-2,75;18,53;2021
25/04/2021;37,83416667;67,88;-6,94;24,13511746;49,33333333;54,54;67,88;9,94;36,51;2021
26/04/2021;61,03666667;83,85;41,09;13,91452843;52,91333333;69,356;81,02;-5,4;27,82;2021
27/04/2021;67,62416667;85,32;50,32;10,92086273;56,24333333;74,958;80,87;-1,5;20,53;2021
28/04/2021;69,35583333;85,57;53,57;9,978529959;57,66;74,01;78;-0,58;14,97;2021
29/04/2021;69,48208333;85,08;52,04;9,9741008;58,72333333;74,894;82,47;-2,77;15,71;2021
30/04/2021;73,63125;90;58,94;8,373031923;63,59;76,784;80,96;1,55;10,51;2021
01/05/2021;56,18875;68,69;45,53;5,566177607;58,855;59,926;68,69;1,86;8,03;2021
02/05/2021;47,14041667;80;0,01;22,51714969;51,91333333;60,886;78,04;2,14;33,15;2021
03/05/2021;66,04833333;87,93;37,82;14,80937443;51,18;74,832;87;-4,68;16,45;2021
04/05/2021;38,65708333;75;0,1;25,68716927;23,915;56,912;67,56;10,69;34,8;2021
05/05/2021;63,32083333;84,2;36,79;15,52685245;56,71666667;68,662;81,38;9,9;29,41;2021
06/05/2021;73,55333333;92,73;58,59;9,355176975;66,02833333;84,042;92,73;3,47;12,04;2021
07/05/2021;72,49291667;101,5;53,06;12,50122932;66,59333333;72,214;84,2;-18,72;17,73;2021
08/05/2021;42,37833333;70,86;0,16;24,04236942;46,04333333;52,108;69,95;-3,87;64,15;2021
09/05/2021;9,562916667;57,64;-66,18;34,05283395;15,16166667;40,732;57,64;36,74;36,68;2021
10/05/2021;60,84416667;90,12;28,03;16,83564978;45,9;79,402;90,12;15,91;20,12;2021
11/05/2021;71,84916667;93,37;56,67;10,42141688;59,66333333;77,58;81,19;0,69;13,88;2021
12/05/2021;69,44458333;86,12;54,81;9,360921535;58,86;76,998;80,97;4,98;11,15;2021
13/05/2021;63,64833333;79,96;48;9,752846036;64,42666667;70,932;79,96;3,7;11,88;2021
14/05/2021;71,57416667;87,02;60;8,992200445;66,19833333;77,508;87,02;-2,04;7,33;2021
15/05/2021;56,1225;75,65;25,85;12,14591012;54,84833333;65,062;75,65;5,32;17,61;2021
16/05/2021;30,89541667;70,99;1;22,24677074;36,75666667;34,61;70,99;-14,03;27,95;2021
17/05/2021;70,75166667;89,91;24,7;17,94063487;48,21666667;82,096;88,92;3,55;35,42;2021
18/05/2021;74,71458333;90,07;56,68;11,57206418;63,59166667;82,064;89,95;-1,09;15,65;2021
19/05/2021;76,97916667;97,01;61,67;11,41503125;65,355;82,84;90,01;-4,27;13,17;2021
20/05/2021;67,04416667;94,9;22,9;16,53375649;51,08;75,572;82,17;-5,17;39;2021
21/05/2021;27,06833333;66,22;0,05;21,39032668;11,66666667;33,99;43,69;-3,74;31,48;2021
22/05/2021;21,4875;69,47;-0,54;27,13918461;17,59166667;45,142;61,15;38,89;31,34;2021
23/05/2021;23,38333333;74,9;-25;30,91291761;25,97166667;52,068;74,9;31,42;29,16;2021
24/05/2021;34,07666667;68,17;11,97;19,30070277;27,63333333;53,798;68,17;34,93;36,01;2021
25/05/2021;61,35958333;84,65;37,79;15,53075924;50,875;69,41;77,98;-0,92;17,87;2021
26/05/2021;68,9175;90;51,15;12,50567289;56,875;74,486;80;-2,16;16,94;2021
27/05/2021;73,11583333;91,24;52,71;12,32143093;59,51166667;82,07;88,87;2,96;16,25;2021
28/05/2021;73,7325;93,01;58,34;10,27463921;65,90833333;79,35;83,67;-3,37;13,43;2021
29/05/2021;55,7975;72,02;15,01;16,98121552;62,22;63,154;72,02;-5,72;17,68;2021
30/05/2021;32,10166667;72,04;-16,86;26,9014578;43,53333333;46,434;66,72;15,23;25,65;2021
31/05/2021;67,12375;86,73;40,8;13,46148413;55,215;78,288;86;-0,72;18,39;2021
01/06/2021;68,7875;87,1;55,4;11,55635276;59,675;80,456;86,7;1,24;16,12;2021
02/06/2021;65,90958333;83,34;50,83;10,78822727;58,54666667;78,07;83,34;15,28;18,4;2021
03/06/2021;66,27583333;82,03;51,66;9,714810708;57,24;77,692;82,03;20,9;10,73;2021
04/06/2021;72,62458333;85,9;59;8,573915943;63,92333333;79,89;81,95;3,93;14,66;2021
05/06/2021;62,61083333;76,01;52,4;7,910134895;58,72166667;71,662;76,01;14,53;10,12;2021
06/06/2021;57,95;80,1;35,76;12,33428837;55,77333333;67,304;77,08;24,26;15,66;2021
07/06/2021;77,975;90;59,97;9,68080665;63,30833333;85,584;89,95;2,99;16,97;2021
08/06/2021;76,3975;93,85;61,97;9,968869479;64,79166667;84,84;87,32;3,72;13,65;2021
09/06/2021;76,55916667;88,11;64;8,134696444;68,62833333;83,996;86,7;3,99;12;2021
10/06/2021;78,67208333;92,5;65,2;9,360693945;70,99333333;87,084;89,62;4,83;11,59;2021
11/06/2021;77,44458333;92,26;64,87;9,169198903;70,05;85,2;89,92;0,98;11,85;2021
12/06/2021;44,86125;73,81;-8,61;27,55360946;58,57833333;47,882;69,06;-21,35;29,33;2021
13/06/2021;27,42125;83,54;-36,72;37,53734121;35,075;62,81;82,96;48,03;52,65;2021
14/06/2021;76,14583333;98,35;45,7;14,70686084;60,88;91,856;98,35;11,51;15,24;2021
15/06/2021;82,82583333;100;68,03;11,01129614;70,79333333;95,512;100;10,6;12,91;2021
16/06/2021;86,59833333;118,05;66;14,96550517;68,28;105,118;118,05;16,95;15,52;2021
17/06/2021;83,18416667;112,23;62,67;13,4118176;66,78666667;98,464;112,23;21,23;22,36;2021
18/06/2021;81,26375;100,02;65,19;11,68161574;70,475;92,246;97;5,53;17,85;2021
19/06/2021;72,92333333;92,75;61,1;9,181741649;69,40666667;85,146;92,75;14,96;8;2021
20/06/2021;57,60791667;88,13;23,72;17,94676451;59,78;73,93;85,79;18,32;21,11;2021
21/06/2021;78,53875;94,07;58,62;11,60912209;63,91;90,208;94,07;12,87;13,6;2021
22/06/2021;83,61541667;96;63,79;10,07623764;68,17666667;90,44;93,35;6,62;15,41;2021
23/06/2021;85,26291667;95;61,36;10,11743286;71,20666667;92,168;93,22;15,52;14,38;2021
24/06/2021;89,37208333;119,81;68,93;12,23192508;75,71;92,222;93,92;9,08;19,81;2021
25/06/2021;87,01458333;98,35;75,44;7,45142588;79,96166667;91,488;95,82;0,52;8,6;2021
26/06/2021;75,64708333;91,66;60,29;9,526624695;71,36666667;81,96;91,66;8,07;13,33;2021
27/06/2021;52,43208333;92,91;12,82;24,62980714;59,815;57,092;88;12,75;28,81;2021
28/06/2021;88,285;123,96;67,99;13,40843602;73,07833333;104,56;123,96;11,01;24,34;2021
29/06/2021;90,6075;104,04;73,45;9,061549081;76,875;94,044;95,74;-0,52;15,33;2021
30/06/2021;90,62458333;99,97;74,03;9,36132329;76,54833333;96,698;99,97;11,44;13,57;2021
01/07/2021;88,74208333;98,19;71,24;8,479328818;77,845;93,77;95,93;8,09;11,04;2021
02/07/2021;96,70583333;110;82,18;10,14118118;85,24333333;103,85;110;-2,02;15,32;2021
03/07/2021;84,24583333;106,95;69,71;12,01195706;81,25;96,64;105,69;14,64;10,25;2021
04/07/2021;78,73541667;104,92;58,45;12,39247387;75,60333333;84,082;102,09;-4,93;16,34;2021
05/07/2021;93,36958333;111,72;71,54;12,21164892;76,09;103,956;111,72;9,59;17,48;2021
06/07/2021;81,07625;103,97;35,2;18,28914665;60,97666667;95,442;103,97;39,14;39,49;2021
07/07/2021;98,895;133,48;75,07;14,74767837;79,565;116,482;133,48;17,11;19,91;2021
08/07/2021;93,85708333;106,82;77,5;8,969394085;80,58833333;98,166;100,09;7,08;8,05;2021
09/07/2021;90,86375;107,63;75,15;9,413069458;78,43833333;95,396;98,43;1,59;15,07;2021
10/07/2021;81,78666667;100,05;70,25;10,30031644;76,93333333;94,324;100,05;19,14;11,85;2021
11/07/2021;77,76333333;103,63;64;12,95454584;73,68666667;90,342;103,1;12,22;13,4;2021
12/07/2021;94,13333333;120,49;72,92;12,64271183;78,01833333;109,036;120,49;13,62;18,71;2021
13/07/2021;93,78375;109,88;75,2;9,849861095;78,76666667;97,838;98,97;0;13,54;2021
14/07/2021;69,73958333;95,41;10,33;22,75506183;52,02333333;76,262;88,11;62,57;51,91;2021
15/07/2021;75,2575;96,7;0,1;27,77577287;40;94,032;96,7;52,23;34,23;2021
16/07/2021;83,43583333;101,55;59,79;12,12402714;69,26333333;90,382;96,05;0,03;16,88;2021
17/07/2021;62,56333333;86,59;16,92;17,91387965;60,55166667;72,35;83,08;5,76;22,06;2021
18/07/2021;47,00125;94,19;-5;30,5977165;56,415;66,16;90,38;7,23;35,52;2021
19/07/2021;90,50625;109,28;65,63;13,82388255;73,10833333;104,216;109,28;6,52;20;2021
20/07/2021;91,52041667;111,36;77,38;12,77765185;79,35;101,896;109,97;3,4;14,04;2021
21/07/2021;91,40041667;110,64;76,15;12,38468496;78,22;104,32;110,64;8,52;13,3;2021
22/07/2021;88,975;105,25;74,12;10,45482456;78,225;98,594;105;0,9;16,96;2021
23/07/2021;87,95166667;106,91;74,31;10,58040957;77,76666667;95,34;100,03;3,39;16,48;2021
24/07/2021;74,61916667;90,21;60,14;9,571374403;66,775;86,008;90,21;13,77;12,47;2021
25/07/2021;62,75958333;91,86;46,74;18,0869303;60,03333333;83,674;91,85;31,32;19,05;2021
26/07/2021;86,95166667;108,23;47,96;14,85019182;67,18666667;102,76;108,23;18,79;20;2021
27/07/2021;85,02333333;100,98;67,11;10,77119293;72,22333333;96,22;99,1;18,25;20,51;2021
28/07/2021;65,2675;94,95;19,52;21,66368595;47,80833333;73,302;86,59;16,53;43,85;2021
29/07/2021;49,49083333;95,98;-0,07;29,11868098;30,02166667;80,98;95,98;45,59;34,65;2021
30/07/2021;39,99;84,39;0,09;24,21401445;28,54166667;33,792;43,9;-16,68;41,18;2021
31/07/2021;30,49916667;76,55;-5;28,26665495;16,89166667;54,632;71,77;45,69;37,38;2021
01/08/2021;50,61;82,89;20,28;18,7325397;44,725;66,674;82,89;11,23;25,39;2021
02/08/2021;82,94833333;108,41;52,53;17,21113079;65,44166667;99,798;108,41;13,42;21,17;2021
03/08/2021;91,28333333;112,76;64,16;13,74510305;77,045;103,264;110;36,69;25,35;2021
04/08/2021;92,01833333;115;40,1;17,5674112;68,53333333;103,206;106,99;17,86;23,76;2021
05/08/2021;80,22625;112,66;0,64;27,94355472;50,03833333;86,352;100,5;-4,93;77,51;2021
06/08/2021;23,91708333;80,98;-37,93;35,80165025;6,915;52,996;80,98;29,91;37,11;2021
07/08/2021;38,44083333;69;0,06;23,75190114;31,19666667;41,11;69;-25,14;57,72;2021
08/08/2021;3,862083333;68,05;-63,03;38,32388437;9,713333333;34,29;68,05;16,52;43,06;2021
09/08/2021;69,66416667;107,61;18,42;23,69993706;47,045;95,97;107,61;21,15;30,63;2021
10/08/2021;88,39416667;120;17,68;25,98962317;59,26;110,068;120;18,58;35,86;2021
11/08/2021;100,2570833;125,43;80,29;16,3977749;87,53833333;118,932;125,43;8;18,49;2021
12/08/2021;105,0941667;130;84,64;15,27156918;88,15833333;124,41;130;16,59;19,9;2021
13/08/2021;93,17083333;121,93;71,95;17,01189275;80,20166667;107,994;117,48;12,69;22,7;2021
14/08/2021;70,21333333;101,16;29,51;18,33188044;70,47333333;88,744;101,16;11,02;20,98;2021
15/08/2021;48,34208333;87,61;12,5;23,2604172;41,74666667;63,592;87,61;6,83;49,78;2021
16/08/2021;49,85125;92,93;-8,48;29,842422;20,15666667;70,048;82,84;45,5;40,7;2021
17/08/2021;68,01875;100,5;14,47;21,8810862;43,33166667;89,886;100,5;21,01;19,35;2021
18/08/2021;81,18583333;101,19;43,75;16,93400616;58,72;93,278;101,19;10,11;22,53;2021
19/08/2021;96,65875;128,12;58,86;19,4496338;71,63166667;117,992;128,12;31,04;17,89;2021
20/08/2021;101,9375;126,14;83,2;14,00897701;88,89333333;118,17;126,14;13,12;15,39;2021
21/08/2021;90,43125;112,17;76,59;12,24131256;83,20333333;107,088;112,17;17,72;15,28;2021
22/08/2021;75,63625;97,96;59,55;11,41755697;72,48333333;86,772;97,96;16,91;24,2;2021
23/08/2021;91,47041667;114,59;32,12;19,63029347;65,43333333;105,442;114,18;14,9;31,43;2021
24/08/2021;78,91875;110,63;20,71;26,70940549;59,98833333;89,646;109,76;-5,31;44,4;2021
25/08/2021;86,99;116,17;38,17;19,59971007;62,51333333;106,906;116,17;-0,49;31,67;2021
26/08/2021;94,09125;124,65;69,95;14,61993883;76,47;102,332;109;4,84;17,97;2021
27/08/2021;96,42625;117,19;78,09;12,56249;81,725;106,602;113,74;3,17;17,65;2021
28/08/2021;73,65125;101,32;33,7;19,2911474;66,73833333;76,632;101,32;-12,78;43,04;2021
29/08/2021;71,36208333;101,66;35,74;17,08816371;68,68;88,538;101,66;11,92;29,78;2021
30/08/2021;108,3854167;132,92;70,32;19,5651458;80,37666667;120,968;130,04;9,57;27,53;2021
31/08/2021;108,50875;137,02;71,49;18,66318774;85,415;123,302;134,9;8,81;27,53;2021
01/09/2021;104,4929167;138,41;39,23;23,62636948;74,57666667;125,692;138,41;23,11;44,02;2021
02/09/2021;108,0341667;143,41;21,89;29,40894997;69,695;135,082;143,41;38,23;44,5;2021
03/09/2021;111,375;143,93;79,9;18,89330431;94,805;133,566;143,93;17,94;26,69;2021
04/09/2021;107,8629167;142,55;84,16;18,12559288;101,265;129,548;142,55;23,53;19,79;2021
05/09/2021;99,0425;139,07;60,06;22,36693586;97,1;126,672;139,07;33,64;32,27;2021
06/09/2021;125,4208333;153,63;97,97;17,97326201;105,4233333;147,134;153,63;12,55;25,97;2021
07/09/2021;124,51;153,45;105,1;16,35760188;108,6666667;143,828;153,45;16,21;21,21;2021
08/09/2021;122,5920833;152,36;93,73;16,75832071;104,8133333;143,318;152,36;17,2;19,51;2021
09/09/2021;133,1679167;155,62;101,88;16,57713511;108,755;149,74;155,62;9,13;29,36;2021
10/09/2021;139,1283333;159,31;111,67;15,19781325;121,1466667;151,402;159,31;4,31;27,87;2021
11/09/2021;128,55625;155,09;108,18;15,73115154;114,1766667;146,04;155,09;16,92;18,85;2021
12/09/2021;109,2866667;159,37;69,68;22,23999798;102,9683333;140,494;159,37;28,8;24,01;2021
13/09/2021;141,02125;170;103,79;21,22082126;111,065;165,148;170;14,42;42,07;2021
14/09/2021;147,5475;171,58;107,84;18,8917406;120,3683333;166,602;171,58;23,16;24,88;2021
15/09/2021;166,9225;196,58;123,1;23,53753843;129,6533333;183,378;196,58;8,82;29,93;2021
16/09/2021;171,3216667;198,02;115,19;25,92573586;130,68;188,442;198,02;18,39;34,69;2021
17/09/2021;158,7695833;188,17;122,39;21,49115702;132,365;177,214;185,2;5,73;34,4;2021
18/09/2021;135,0104167;179,91;83,13;23,28700934;108,1933333;161,402;179,91;32,94;42,3;2021
19/09/2021;101,835;170,63;72,71;31,77483951;91,83833333;146,386;170,63;64,55;31,71;2021
20/09/2021;154,63;188,64;105,9;25,52886567;117,37;178,606;185,8;18,65;43,13;2021
21/09/2021;147,26625;190;102,18;24,60007579;120,46;169,674;187,92;15,31;35,16;2021
22/09/2021;149,5133333;196,57;94,6;32,83537603;107,32;179,668;196;19,75;44,95;2021
23/09/2021;145,8358333;192,52;70,06;35,94839682;97,98833333;173,518;192,52;41,58;51,39;2021
24/09/2021;148,67375;190;91,74;27,92995428;120,9783333;170,842;190;16,2;55,57;2021
25/09/2021;145,1279167;188,17;114,96;20,89751077;131,38;174,862;188,17;39,79;31,33;2021
26/09/2021;125,5304167;185,85;90,65;29,41485893;112,44;167,942;185,85;58,84;33,44;2021
27/09/2021;146,3429167;190,84;100;28,3425252;112,4966667;168,07;185,19;1,32;58,69;2021
28/09/2021;159,9520833;237,01;98,1;35,78451936;108,955;197,452;237,01;27,17;50,61;2021
29/09/2021;152,7916667;204,51;87,73;34,39477901;111,2066667;169,008;188,12;10,55;58,62;2021
30/09/2021;161,7241667;219,93;73,94;40,65104779;102,97;194,144;219,93;46,37;62,46;2021
01/10/2021;142,88625;194,09;47,94;45,66351629;75,61833333;175,87;194,09;42,67;74,91;2021
02/10/2021;92,29583333;164,92;0,28;45,71535314;71,355;88,892;115,56;-54,1;106,16;2021
03/10/2021;69,89458333;153,84;-2,02;49,52175806;23,705;132,876;153,84;127,53;46,6;2021
04/10/2021;161,1358333;230;67,3;49,80332108;88,22333333;201,408;230;34,93;86,5;2021
05/10/2021;157,47625;229,05;74,98;47,93776788;92,76166667;186,874;217,54;38,86;57,16;2021
06/10/2021;197,66875;290,97;60,41;66,83897856;130,4233333;254,49;290,97;105,53;75,01;2021
07/10/2021;292,4191667;393,1;167,36;52,98199374;222,8366667;325,828;372,4;11,02;82,64;2021
08/10/2021;205,2675;291,42;160,08;40,67871746;169,165;234,694;269,7;16,54;59,34;2021
09/10/2021;180,1470833;252,32;126,77;35,36295206;147,305;221,698;252,32;66,19;62,48;2021
10/10/2021;150,3695833;240,57;69,22;41,70311556;128,6816667;207,724;240,57;75,56;50,77;2021
11/10/2021;185,0241667;260,02;113,68;41,59105975;138,7866667;214,066;240,57;28,11;53,84;2021
12/10/2021;189,0166667;248,08;101,12;39,09578368;142,7366667;220,692;248,08;52,54;50,64;2021
13/10/2021;196,3541667;287,31;132,43;39,06973441;152,9833333;238,11;287,31;50,82;44,72;2021
14/10/2021;200,3654167;260;127,99;32,79683322;163,3933333;222,186;243,87;14,61;55,21;2021
15/10/2021;214,2741667;273,33;119,03;36,94294531;168,2883333;240,268;273,33;23,5;42,79;2021
16/10/2021;189,1154167;253,06;136,8;31,54499106;166,5516667;224,59;253,06;57,08;57,02;2021
17/10/2021;163,3970833;238,29;116,5;32,57957956;144,5683333;210,184;238,29;67,2;50,29;2021
18/10/2021;195,3166667;268,32;106,28;47,0916791;133,0283333;233,012;262,12;36,37;71,14;2021
19/10/2021;158,7804167;235,82;10,8;62,08224464;76,36166667;191,924;235,28;44,09;91,25;2021
20/10/2021;101,8458333;228,31;0,91;71,89303413;10,76166667;144,61;228,31;97,79;91,5;2021
21/10/2021;166,92;272,47;0,04;84,99696844;64,56666667;235,074;272,47;171,94;105,42;2021
22/10/2021;213,3825;259,94;134,76;37,04079798;182,2666667;237,532;257,86;33,5;48,85;2021
23/10/2021;205,1220833;256,47;160,07;23,56511478;189,3216667;229,112;256,47;38,21;30,64;2021
24/10/2021;168,1804167;242,15;67,7;48,9278144;140,425;219,084;242,15;50,87;57,87;2021
25/10/2021;209,06;262;93,09;43,27436454;152,2516667;245,266;262;45,51;82,9;2021
26/10/2021;215,2595833;266,11;178,33;28,31791897;183,935;241,016;266,11;28,5;33,27;2021
27/10/2021;204,52625;263,29;134,95;36,76564817;161,7483333;229,878;263,29;22,07;39,41;2021
28/10/2021;186,8841667;250,34;104,18;38,25758315;144,7416667;207,96;242,76;15,68;68,23;2021
29/10/2021;151,47125;216,53;69,41;47,54617886;85,45833333;201,594;216,53;72,02;58,08;2021
30/10/2021;122,26875;186,21;58,79;36,26661842;80,32333333;158,518;186,21;90,56;32,24;2021
31/10/2021;76,48333333;148;52,79;27,23394472;65,07333333;110,438;148;38,3;47,96;2021
01/11/2021;95,66041667;183;15;50,68734003;53,68666667;168,096;183;124,71;77,99;2021
02/11/2021;204,5595833;312,67;111,2;54,13867897;130,8783333;264,728;312,67;130,52;53,89;2021
03/11/2021;187,7041667;274,33;130,03;36,74849478;141,3816667;225,166;274,33;110,57;45,41;2021
04/11/2021;179,0079167;213,77;143,06;21,0020206;151,6566667;192;201,72;17,95;27,03;2021
05/11/2021;189,4016667;235,57;141,36;22,94309305;158,0716667;214,204;235,57;54,46;32,43;2021
06/11/2021;162,8041667;209,1;133,69;17,98094037;153,8166667;185,022;209,1;62,18;36,22;2021
07/11/2021;138,565;200,07;58,78;42,86030402;102,415;191,448;200,07;111,55;59,17;2021
08/11/2021;209,82125;299,9;139,36;43,99749028;150,96;257,492;299,9;92,73;60,76;2021
09/11/2021;191,7541667;255;145,36;31,66144946;156,7;226,806;255;65;40,08;2021
10/11/2021;232,2308333;302,8;168,03;41,2796066;176,0166667;269,096;302,8;81,47;44,94;2021
11/11/2021;188,51125;252,12;152,5;27,02192979;159,445;225,848;252,12;81,16;37,04;2021
12/11/2021;187,3795833;224,31;153;20,13694949;165,4516667;199,324;215,1;29,74;28,83;2021
13/11/2021;170,0125;220;101,97;28,1626256;147,0483333;200,39;220;79,92;38,11;2021
14/11/2021;171,73375;206,21;145;16,349164;158,4683333;195,592;206,21;49,06;31,14;2021
15/11/2021;229,3904167;300,01;149,64;49,84086794;160,3566667;265,826;300,01;108,88;54,23;2021
16/11/2021;237,7558333;301;160,25;48,88659022;170,2833333;269,492;301;86,65;59,67;2021
17/11/2021;215,8145833;256,23;163,22;28,27726741;180,265;243,414;256,23;67,21;37,8;2021
18/11/2021;238,6504167;285;177,63;27,63760725;204,415;270,044;285;60,7;33,76;2021
19/11/2021;244,17125;294,33;198;29,43103336;211,7366667;268,418;289,62;45,01;54,95;2021
20/11/2021;232,6325;298,4;188;28,97802935;210,8083333;272,064;298,4;73,2;32,57;2021
21/11/2021;223,9758333;257,63;196,84;15,50472016;225,5383333;242,684;257,63;34,65;53,17;2021
22/11/2021;252,82625;318,87;169,85;45,06185776;190,3066667;292,56;318,87;72,66;46,93;2021
23/11/2021;270,4654167;348,21;190,83;50,56312318;200,3533333;317,102;348,21;104,51;68,09;2021
24/11/2021;296,4983333;419,62;189,59;69,30420143;203,5033333;374,85;419,62;160,13;78,6;2021
25/11/2021;301,9095833;375;208,88;56,01950689;221,9933333;339,636;375;83,15;70,89;2021
26/11/2021;273,2616667;346,37;220,28;37,15818637;234,0666667;265,936;289,9;28,08;58,18;2021
27/11/2021;220,05;277,33;173,86;25,6968714;198,5033333;254,898;277,33;101,97;39,57;2021
28/11/2021;204,4408333;247,94;174,5;20,67655739;185,8616667;235,524;247,94;66,54;28,1;2021
29/11/2021;303,9108333;421,87;180;74,73922426;200,62;353,444;421,87;142,82;108,09;2021
30/11/2021;270,5358333;330,05;209,63;33,93935037;231,44;289,472;309,3;36,9;42,5;2021
01/12/2021;280,7866667;350;120,41;63,73546611;187,8916667;322,788;350;90,03;76,48;2021
02/12/2021;279,0075;354,98;172,29;53,26954773;214,7016667;341,008;354,98;109,04;77,57;2021
03/12/2021;297,7783333;363,54;233,3;45,04250974;243,1716667;304,21;325,04;13,88;50,45;2021
04/12/2021;221,0458333;250;183,79;21,55543469;196,3416667;246,196;250;62,4;21,25;2021
05/12/2021;221,9041667;326,9;135,98;43,0788669;175,22;280,568;326,9;98,12;42,7;2021
06/12/2021;282,9145833;371,54;179,8;63,74172028;195,465;299,144;334,82;67,87;81,15;2021
07/12/2021;259,7295833;340;197,73;44,14495702;203,8;267,88;294,62;32,8;60,8;2021
08/12/2021;248,11;307,1;180,8;34,8266828;199,9833333;282,338;307,1;82,33;30,22;2021
09/12/2021;287,83875;355,69;194,96;58,14082404;215,1283333;306,626;355,69;94;57,2;2021
10/12/2021;248,00375;304,99;147,69;42,08571965;191,3616667;280,368;304,99;66,43;44,69;2021
11/12/2021;251,17875;294,94;201,6;31,02602587;214,0633333;272,194;292;71,93;28,42;2021
12/12/2021;249,90625;298;218,01;20,27249257;232,975;277,892;298;62,83;28,67;2021
13/12/2021;304,0245833;382,17;217,71;49,72985963;234,8533333;349,474;382,17;112,97;53,07;2021
14/12/2021;330,3579167;400;250;45,60811484;270,9366667;358,228;400;88,65;41,05;2021
15/12/2021;347,42875;417,26;261,73;50,96298455;275,7583333;392,714;410;77,26;60,39;2021
16/12/2021;353,4833333;425;251,78;62,46457491;270,1733333;386,59;425;95,85;68,6;2021
17/12/2021;342,3120833;403,92;250;54,48232493;271,4233333;366,292;397,3;90,61;87,19;2021
18/12/2021;316,6254167;427,01;265,77;37,31683452;290,6716667;369,114;427,01;101,8;47,47;2021
19/12/2021;342,6995833;420;274,9;42,69470219;295,7683333;387,908;420;114,14;55,98;2021
20/12/2021;383,5625;465,98;267,99;64,18111962;296,425;437,012;465,98;153,02;85,74;2021
21/12/2021;444,5783333;620;294,9;91,78426462;321,3083333;525,194;620;200,12;80,09;2021
22/12/2021;454,3925;577,87;333,9;76,46198744;360,0666667;472,116;529,2;86,38;85,48;2021
23/12/2021;414,7583333;480;334,36;44,28111509;353,3833333;436,296;459,02;57,14;48,21;2021
24/12/2021;316,5270833;373,34;245,12;30,63260007;285,8;324,834;335,7;40,69;89,12;2021
25/12/2021;214,3495833;280;125,31;42,41034436;173,5933333;252,588;280;126,97;52,27;2021
26/12/2021;184,1608333;258,52;126,66;35,93292446;142,8816667;232,118;258,52;126,28;37,29;2021
27/12/2021;157,965;210,04;64,5;45,84552086;101,4816667;182,262;207,1;69,91;70,53;2021
28/12/2021;104,3529167;150,06;14,76;44,37048936;41,88333333;142,322;150,06;84,38;43,25;2021
29/12/2021;154,9370833;205,7;73,08;49,4064352;93,86333333;157,94;203,44;43,95;48,02;2021
30/12/2021;107,7329167;216,71;21,36;52,34796641;48,46833333;166,188;216,71;166,8;77,26;2021
31/12/2021;120,5269565;193,15;37,33;45,95034053;61,554;177,632;193,15;119,78;53,26;2021
31/12/2021;89,06;89,06;89,06;;89,06;;#NAME?;;;2022
01/01/2022;86,26083333;149,97;37,67;33,62878631;58,015;132,214;149,97;105,74;35,47;2022
02/01/2022;47,4075;70,09;2,71;15,2124132;33,79;57,846;67,85;30,57;49,88;2022
03/01/2022;97,81;180,36;0,06;59,70622668;21,66833333;151,138;180;133,95;71,25;2022
04/01/2022;157,4466667;190;105;30,55332027;112,4783333;171,716;189,88;28,03;41,8;2022
05/01/2022;189,4941667;265;75,38;57,53942134;107,6716667;246,596;265;95,96;74,25;2022
06/01/2022;226,2983333;278,36;170,1;28,77158149;192,4483333;261,516;278,36;69,22;28,16;2022
07/01/2022;215,16;260;162,8;32,29065163;174,4433333;241,348;260;94,8;50,69;2022
08/01/2022;172,3908333;231;109,18;32,70906614;152,3166667;170,03;189,9;23,16;53,61;2022
09/01/2022;154,4120833;243,94;45,82;65,10777313;85,97666667;230,416;243,94;169,65;42,57;2022
10/01/2022;262,59375;315;178,04;50,86593272;192,4083333;285,854;313,79;73,38;62,51;2022
11/01/2022;254,3625;316,4;193;41,40304108;198,17;294,366;316,4;84,98;55,69;2022
12/01/2022;237,48625;300,1;178,33;38,53011401;185,4633333;263,142;285,97;49,21;43,26;2022
13/01/2022;224,72375;274;182,88;28,02593749;189,7566667;257,162;274;78,91;41,17;2022
14/01/2022;234,73375;292,5;192,43;31,18604144;200,1983333;256,07;280,67;61,77;40,34;2022
15/01/2022;220,8945833;267,03;193,04;20,44756326;205,8733333;251,982;267,03;66,13;33,68;2022
16/01/2022;214,5966667;265,36;186,6;24,01211011;207,7783333;248,942;265,36;59,44;34,58;2022
17/01/2022;260,3133333;306,09;209,55;28,22965981;222,62;279,772;299,03;49,1;47,28;2022
18/01/2022;245,24875;294,4;193,99;32,57231985;201,505;270,012;294,36;65,26;44,95;2022
19/01/2022;236,035;285,36;188,7;33,00277327;195,9483333;253,812;282,7;59,89;60,99;2022
20/01/2022;228,4675;281,62;168,18;35,71719209;180,57;249,124;265,45;52,66;44,89;2022
21/01/2022;216,6925;266;182,3;28,17896537;189,9083333;241,998;266;54,32;42,16;2022
22/01/2022;202,9395833;245,27;176,04;18,4866303;184,11;229,442;245,27;52,65;25,79;2022
23/01/2022;197,2370833;244,31;179,04;17,53373233;184,4183333;225,71;244,31;59,56;24,54;2022
24/01/2022;249,0795833;341,85;177,46;46,50744854;187,2083333;297,904;341,85;117,02;40,17;2022
25/01/2022;297,1225;399,06;196,24;67,81392574;211,9416667;341,612;399,06;131,06;72,68;2022
26/01/2022;275,355;361,92;225,01;40,0663414;231,905;300,334;343;78,21;52,03;2022
27/01/2022;262,525;353,56;221,36;37,04248395;227,8366667;283,816;321;60,99;56,22;2022
28/01/2022;250,9441667;327,68;214,81;31,42723824;219,635;255,006;266,07;12,17;51,68;2022
29/01/2022;219,13;263,03;180,84;21,77303957;207,8733333;236,2;263,03;38,88;59,43;2022
30/01/2022;223,5279167;263,39;206,5;14,46810765;211,7983333;242,568;263,39;47,5;32,5;2022
31/01/2022;214,1579167;260;100,13;40,10078932;164,9283333;245,952;260;60,71;57,69;2022
01/02/2022;212,9804167;257,15;169,97;28,13067465;184,7666667;236,454;253;31,52;38,4;2022
02/02/2022;206,33875;266,9;168,08;27,99123641;175,055;241,982;266,9;84,9;38,72;2022
03/02/2022;206,3941667;246;158,81;24,47129941;175,5216667;232,044;245,68;44,51;39,53;2022
04/02/2022;194,5883333;233,34;156,09;23,81975718;176,6116667;212,198;233,34;43,81;42,21;2022
05/02/2022;191,61;226,5;166;18,0340451;185,3483333;205,328;226,5;32,96;44,73;2022
06/02/2022;135,9045833;214,05;27,2;46,81567101;104,6666667;164,804;214,05;123,68;73,65;2022
07/02/2022;206,43875;261,17;154,94;29,58480755;168,7666667;223,826;239,42;30,78;34,03;2022
08/02/2022;203,3091667;250;170,88;26,0930387;180,3233333;230,894;249,49;49,26;49,37;2022
09/02/2022;209,9829167;257,28;182,59;24,96662894;187,0083333;238,778;257,28;48,89;37,68;2022
10/02/2022;205,3170833;248,01;172,23;23,39864349;182,3166667;230,49;248,01;34,8;30,26;2022
11/02/2022;207,2808333;245,39;165;26,77514696;175,5516667;228,482;243,35;46,4;30,18;2022
12/02/2022;191,2983333;231,55;166;18,54617239;178,935;210,82;231,55;27,78;23,33;2022
13/02/2022;148,8129167;191,08;70;31,51865334;167,64;152,762;181,92;-5,71;40,69;2022
14/02/2022;189,43125;248,71;105;38,44899245;141,6883333;224,572;248,71;53,01;46,67;2022
15/02/2022;191,8020833;250,79;156,99;27,61663235;172,3733333;206,402;230,69;1,31;34,9;2022
16/02/2022;149,9425;196,78;75,99;28,77039061;116,3483333;167,558;195,45;31,28;79,39;2022
17/02/2022;136,0766667;213,27;18,53;58,71132264;57,11833333;186,326;213,27;75,08;83,27;2022
18/02/2022;155,47375;200;88,93;26,78416044;136,2583333;183,414;200;49,01;79,91;2022
19/02/2022;118,1075;170,15;60,97;34,17137491;89,34166667;146,16;170,15;40,37;44,91;2022
20/02/2022;95,7425;150,36;57,75;21,03308744;97,98166667;122,652;150,36;56,36;39,58;2022
21/02/2022;155,9029167;218,02;59,72;44,54692635;101,7933333;185,144;201,76;52,58;55,48;2022
22/02/2022;175,3083333;211,59;139,67;20,31157598;166,5033333;184,184;211,57;-7,4;28,96;2022
23/02/2022;189,8495833;236,86;161,92;22,62350038;170,2133333;212,752;236,86;28,42;42,92;2022
24/02/2022;190,3120833;234,49;150,08;24,96732699;172,08;200,978;220,36;33,59;40,86;2022
25/02/2022;247,93375;349;153,32;49,67101533;190,2633333;295,726;349;94,59;81,66;2022
26/02/2022;240,90875;300,7;177,04;34,35773672;238,975;274,662;300,7;49,02;69,35;2022
27/02/2022;198,14625;279,84;111,68;40,83435849;180,51;255,876;279,84;89,71;53,75;2022
28/02/2022;253,5945833;322,9;196,33;40,08265655;212,6266667;292,71;315,51;15,03;67,97;2022
01/03/2022;269,9004167;362,75;221;40,33222398;237,3816667;326,92;362,75;94,71;46,88;2022
02/03/2022;278,00375;383,34;230,89;42,40025521;256,4016667;326,548;383,34;82,59;63,51;2022
03/03/2022;348,0779167;410;301,15;35,61083653;322,6966667;390,716;410;39,22;62;2022
04/03/2022;365,315;410,05;304,05;34,91548965;336,77;398,244;410;11,4;49,53;2022
05/03/2022;355,9308333;409,3;265,53;35,11596812;352,75;395,592;409,3;36,78;45,64;2022
06/03/2022;363,8958333;454,28;276,81;46,04538771;348,5766667;424,578;454,28;84,95;76,89;2022
07/03/2022;426,0829167;515,01;338,65;55,29668128;384,645;472,466;512,44;19,18;68,54;2022
08/03/2022;541,8620833;700;418,4;93,72216568;445,305;642,648;700;92,45;132,88;2022
09/03/2022;459,28;605;356,74;73,93491709;421,3266667;538,552;605;51,17;104,34;2022
10/03/2022;363,0966667;452,69;270;52,38225136;311,1266667;409,98;443,75;0,98;79,65;2022
11/03/2022;279,90875;356,97;144,8;52,776845;213,55;319,392;356,97;22,14;118,7;2022
12/03/2022;261,0916667;323,3;195,15;33,061372;250,99;295,438;323,3;73,89;82,9;2022
13/03/2022;254,1983333;389,9;174,51;58,66978607;212,2983333;330,606;389,9;76,31;72,02;2022
14/03/2022;301,1108333;435,42;219,91;57,83570598;239,32;371,978;435,42;60,81;99,14;2022
15/03/2022;296,7545833;405,02;240,07;41,25955246;247,565;344,88;405,02;45,25;52,41;2022
16/03/2022;278,3629167;336,69;238,5;26,96355116;245,5666667;307,474;336,69;22,17;47,24;2022
17/03/2022;258,7725;347,21;184,49;36,33964182;219,0616667;297,472;347,21;70,12;45,61;2022
18/03/2022;235,0033333;291,51;200,78;28,26902617;212,7316667;255,444;286,52;12,34;45,91;2022
19/03/2022;208,2395833;285,02;93,7;45,68215601;204,7816667;246,324;285,02;6,08;72,45;2022
20/03/2022;220,8491667;292,92;191,14;27,73457047;209,18;256,516;292,92;9,2;76,14;2022
21/03/2022;243,6483333;336,98;189,99;36,83480333;208,3583333;293,022;336,98;45,6;61,01;2022
22/03/2022;240,3545833;351;194,75;39,93538411;211,96;291,198;351;27,33;52,78;2022
23/03/2022;243,0554167;374,14;196,8;47,18465299;208,295;306,7;374,14;36,83;61,86;2022
24/03/2022;250,3691667;371,11;211,78;41,73348545;222,53;300,224;371,11;27,79;60,35;2022
25/03/2022;273,1270833;339,9;226,01;33,01838756;242,835;299,762;339,9;-14,23;60,09;2022
26/03/2022;230,2370833;292,24;196,61;24,69431452;231,0183333;260,448;292,24;26,92;31,03;2022
27/03/2022;207,6666667;285;93,99;48,24307589;213,7983333;247,494;285;9,69;53,24;2022
28/03/2022;252,125;374,32;195,01;49,24534213;209,105;270,394;304,62;-14,64;58,93;2022
29/03/2022;263,1391667;319,09;210;30,57990373;229,2916667;277,966;302,49;19,96;36,26;2022
30/03/2022;302,2616667;411,92;229,08;51,03132147;245,7833333;296,44;325,03;11,7;41;2022
31/03/2022;293,2604167;423,41;224,04;50,70761408;254,705;291,244;356,09;-38,44;99,61;2022
01/04/2022;321,9441667;470,02;248,97;54,65202299;269,68;330,06;380;-9,88;105,3;2022
02/04/2022;302,35;350;262,8;26,00236427;281,28;321,62;350;22,72;44,44;2022
03/04/2022;301,2433333;475,75;217,84;77,69062596;285,13;358,028;435;38,3;67,07;2022
04/04/2022;548,9658333;2987,78;267,81;711,8189444;327,4316667;338,558;378,9;-90,5;2302,86;2022
05/04/2022;307,685;448,9;264,25;46,9888069;271,2283333;295,394;309,93;-30,71;76,63;2022
06/04/2022;271,8808333;395,15;198,94;45,2845043;250,3816667;237,164;277,47;-87,54;59,08;2022
07/04/2022;217,5945833;270;129,15;39,75128185;180,4233333;218,446;268,3;-31,78;74,8;2022
08/04/2022;251,6825;340;186,11;41,89656739;221,92;242,22;267,77;-18,64;41,63;2022
09/04/2022;244,37625;294,88;184,67;29,63006212;247,9916667;261,092;294,88;1,83;34,32;2022
10/04/2022;214,7725;283,12;38,87;63,62893341;244,44;233,032;283,12;-30,71;74,46;2022
11/04/2022;229,0679167;299,93;179,77;40,8788122;206,8283333;267,576;296,99;-1,59;44,35;2022
12/04/2022;243,0245833;282,26;183;29,84720611;203,4583333;265,794;282,26;28,48;39,24;2022
13/04/2022;237,4766667;301,63;190,9;31,95660803;210,8583333;275,412;301,63;17,46;40,78;2022
14/04/2022;227,57875;282,11;191,99;31,4663372;203,2883333;253,316;272,31;-9,06;49,54;2022
15/04/2022;198,4041667;235,99;151,11;25,69213158;192,3883333;215,026;235,99;-9,12;32,14;2022
16/04/2022;149,2816667;205,81;40,32;49,5687338;167,8033333;174,852;205,81;-17,79;63,48;2022
17/04/2022;107,64875;191,54;0;60,31568743;117,11;157,58;191,54;11,92;91,82;2022
18/04/2022;133,5670833;250,73;45;65,30388832;123,4233333;206,374;250,73;88,9;68,59;2022
19/04/2022;217,7308333;295,43;186,77;31,69608945;192,2083333;224,862;240,01;-26,34;50,66;2022
20/04/2022;206,2708333;250;175,6;26,44348081;186,0316667;231,456;250;-4,29;29,28;2022
21/04/2022;204,6608333;256,25;173,91;23,45454863;191,2316667;211,008;223,61;-24,8;29,84;2022
22/04/2022;198,865;244,1;173,15;18,52087987;180,9083333;205,81;213,08;-11,64;28,49;2022
23/04/2022;168,4683333;216,83;115;29,86445185;136,3433333;168,422;173,15;35,17;53,03;2022
24/04/2022;154,36375;224,95;102;39,34094513;138,155;183,78;224,95;34,97;52,02;2022
25/04/2022;227,8925;275,71;185,63;31,26044997;204,8;252,808;275,71;6,36;37,66;2022
26/04/2022;241,2958333;286,76;198,01;27,98669993;214,4266667;264,926;286,76;3,04;31,2;2022
27/04/2022;223,88;267,9;190,96;26,85516759;202,485;246,994;267,9;-3,66;33,03;2022
28/04/2022;231,175;284,91;196,3;32,42061126;204,7366667;261,108;284,91;0;37,37;2022
29/04/2022;228,3716667;291,22;189,1;29,92607118;203,0966667;249,24;265,87;-8,79;41,91;2022
30/04/2022;202,2625;252,64;158,44;27,41560746;194,6416667;232,966;252,64;25,09;34,07;2022
01/05/2022;195,7570833;254,94;138,9;32,61710094;199,14;230,058;254,94;20,85;33,58;2022
02/05/2022;218,1745833;270;182,09;31,40087024;193,5566667;247,676;265,41;-8,17;38,92;2022
03/05/2022;220,8625;270,23;184,08;30,37394396;192,2383333;254,178;270,23;13,7;45,07;2022
04/05/2022;236,3470833;296,9;200,34;28,83130492;210,0933333;260,076;281,49;-6,6;40,32;2022
05/05/2022;234,86625;276,61;204,9;23,97798063;212,2183333;254,962;276,61;-8,72;34,19;2022
06/05/2022;226,1904167;274,92;187,01;26,71349724;213,2133333;245,214;262,69;-16,82;36,84;2022
07/05/2022;200,3483333;231,57;159,17;19,97974097;201,395;214,046;231,57;-0,16;21,12;2022
08/05/2022;175,6166667;238,99;93,26;43,97275626;192,5433333;212,756;238,99;11,07;42,2;2022
09/05/2022;220,6666667;280;183,94;28,88135169;202,2666667;255,868;280;7,97;32,03;2022
10/05/2022;206,4229167;239,95;169,98;23,01722861;188,2483333;223,038;239,95;-14,3;29,86;2022
11/05/2022;189,0941667;233,22;154,4;23,89266449;176,785;200,556;221,93;-32,19;35,12;2022
12/05/2022;200,125;241,77;161,11;28,224091;178,8733333;226,168;241,77;21,69;46,37;2022
13/05/2022;202,86625;242,74;164,99;24,45168436;188,1366667;208,346;231,09;-31,75;30,19;2022
14/05/2022;185,2729167;241,87;136,59;34,46832251;189,5616667;215,062;241,87;22,31;44,36;2022
15/05/2022;145,935;226,18;20,15;62,40535101;174,8733333;196,944;226,18;25,47;57,12;2022
16/05/2022;221,4220833;298,68;169,13;34,96940973;181,6533333;263,982;298,68;15,79;52,94;2022
17/05/2022;230,08125;298,21;185,05;32,88002702;193,325;268,738;298,21;15,12;38,18;2022
18/05/2022;214,11375;286,99;170,98;32,47078872;180,315;254,182;286,99;21,25;45,79;2022
19/05/2022;215,80375;273,4;176,27;30,12258387;187,7216667;250,536;273,4;10,66;37,27;2022
20/05/2022;205,3816667;263,32;169,27;22,68339379;186,5816667;215,334;226,87;-11,59;36,81;2022
21/05/2022;179,1391667;228,11;159,33;22,42502676;170,6783333;196,97;228,11;10,5;29,42;2022
22/05/2022;166,3191667;227,9;101,4;36,90501155;170,645;203,746;227,9;28,33;38,67;2022
23/05/2022;191,0466667;230,02;155,07;22,42221194;163,8866667;206,124;214,94;11,33;30,16;2022
24/05/2022;185,4391667;220,3;137,04;24,69097669;160,5183333;204,274;220,3;9,47;32,96;2022
25/05/2022;190,3929167;237,03;162,31;23,61011546;170,3783333;188,406;214;-44,79;32,97;2022
26/05/2022;165,4770833;207,16;131,07;20,85082409;151,815;179,578;199,8;20,55;42,58;2022
27/05/2022;163,255;203,29;106,85;21,67162701;144,5933333;165,516;186,01;-12,51;40,22;2022
28/05/2022;152,0295833;179,13;110,8;15,22854085;158,5033333;151,488;164,37;-7,17;18,15;2022
29/05/2022;161,7170833;225;120;36,00790281;163,515;194,17;224,97;43,81;30;2022
30/05/2022;226,0541667;295;182,92;32,13194224;189,9533333;263,932;295;10,68;49,78;2022
31/05/2022;213,3558333;254,67;177,02;26,77647701;193,3483333;237,39;254,67;6,29;34,97;2022
01/06/2022;215,1066667;262,6;175,04;28,73775303;188,1483333;240,384;262,6;-0,08;31,05;2022
02/06/2022;192,7954167;238,97;161,96;25,62171175;168,13;219,454;238,97;8;37,95;2022
03/06/2022;198,9225;240;157,41;28,35669605;165,4083333;213,456;229,96;-2,3;39,89;2022
04/06/2022;174,2308333;209,24;155,5;16,08501245;163,705;188,846;209,24;17,6;20,31;2022
05/06/2022;150,7445833;171,31;121,95;16,94925084;154,6733333;163,53;169,44;35,76;22,38;2022
06/06/2022;155,0604167;217,42;84,05;43,46959392;123,4266667;193,322;214,97;79,49;62,96;2022
07/06/2022;189,2395833;228,81;145,72;27,12496868;158,7766667;209,482;228,81;24,3;41,23;2022
08/06/2022;192,5658333;215,01;162,96;16,90483695;171,27;204,314;212,36;0,83;22,42;2022
09/06/2022;186,4683333;215,71;155,9;21,01956494;170,2983333;191,446;210,24;-16,39;34,97;2022
10/06/2022;196,01;220,46;163,84;18,12899167;181,8716667;211,332;220,46;-2,91;28,77;2022
11/06/2022;181,4704167;211,06;159;16,74205963;179,5083333;194,354;211,06;12,1;30,4;2022
12/06/2022;148,2470833;210,98;60,63;47,36941423;173,8566667;181,954;210,98;-6,87;81,16;2022
13/06/2022;204,2166667;250;146,92;28,21772565;165,9783333;231,566;250;31,02;30,82;2022
14/06/2022;212,5175;272,84;161,43;27,99392624;177,6783333;245,416;272,84;15,75;43,49;2022
15/06/2022;238,6545833;307,48;173,02;34,84434431;201,1483333;273,748;307,48;45,54;39,9;2022
16/06/2022;276,5445833;345;206,46;37,28207787;241,8033333;324,476;345;78;46,71;2022
17/06/2022;307,1108333;368,06;206,86;42,44899004;260,6716667;338,964;368,06;47,39;52,43;2022
18/06/2022;271,09;330,47;190;33,37835109;251,965;305,858;330,47;-4,63;114,94;2022
19/06/2022;169,1525;306,93;94,15;76,86350546;166,5383333;248,872;294,29;127,72;80,05;2022
20/06/2022;307,8275;429,19;213,2;47,64068961;243,245;319,492;333,99;12,77;64,64;2022
21/06/2022;357,8466667;457,82;223,11;71,75031239;252,3433333;426,116;457,82;102,39;64,26;2022
22/06/2022;382,80125;467,5;251,38;69,69059323;275,2016667;421,746;450,1;81,49;96,25;2022
23/06/2022;354,0504167;430;245,82;49,87807172;279,1616667;395,286;430;47,45;56,42;2022
24/06/2022;299,8120833;346,32;237,4;36,79588611;253,5066667;322,894;335,2;18,79;45,8;2022
25/06/2022;261,7495833;327,17;203,88;37,97146257;232,5283333;300,918;327,17;44,84;42,53;2022
26/06/2022;250,51125;337,63;176,47;54,13197394;231,3883333;308,142;337,63;119,67;50,21;2022
27/06/2022;337,225;398,59;258,92;39,57284302;279,995;373,214;398,59;32,13;60,73;2022
28/06/2022;368,0020833;470,9;261;55,45217767;289,4216667;422,576;470,9;61,94;66,54;2022
29/06/2022;336,6691667;390,9;278,54;32,89310552;293,2566667;374,132;390,9;54,22;35,21;2022
30/06/2022;364,0054167;479;271,79;50,00777426;300,865;421,012;479;69,64;69,59;2022
01/07/2022;338,10375;401,65;255;46,69865586;276,8433333;346,362;401,65;-33,13;73,06;2022
02/07/2022;266,6820833;362,85;210,59;50,64833788;236,5666667;319,654;362,85;51,19;64,97;2022
03/07/2022;219,9616667;348,45;122,94;80,41982335;226,745;300,102;348,43;96,06;88,41;2022
04/07/2022;372,8104167;461,74;254,35;55,29652065;293,2483333;410,15;434;45;59,44;2022
05/07/2022;371,84;450;300,16;40,79379055;317;370,276;390,62;-17,82;55,65;2022
06/07/2022;394,8879167;438,85;280,29;45,7870011;336,68;404,502;419,09;14,19;67,04;2022
07/07/2022;380,6329167;424,03;293,93;38,94414623;340,625;400,162;418,94;68,14;60,51;2022
08/07/2022;406,6079167;480;298,82;53,96360061;329,385;433,68;461,38;28,6;75,06;2022
09/07/2022;329,4345833;392,71;251,07;42,61087379;330,2966667;338,604;373,7;28,25;124,69;2022
10/07/2022;227,18875;390,45;130,96;90,84321368;227,865;313,71;378,07;132,7;112,85;2022
11/07/2022;391,5166667;469,9;269,06;59,17372248;309,9633333;445,686;469,9;34,74;97,95;2022
12/07/2022;435,8320833;513,59;330,04;55,45705169;356,6066667;482,332;513,59;65,86;61,93;2022
13/07/2022;448,7120833;529;325,04;59,31936512;361,3616667;497,944;529;117,03;79,75;2022
14/07/2022;382,2275;438,43;288,67;47,59404322;342,7133333;411,952;438,43;-17,68;58,86;2022
15/07/2022;400,17875;444,45;305,01;45,74083527;330,935;418,76;434,03;5,1;74,9;2022
16/07/2022;312,87;378,91;215,9;41,16184747;310,7683333;326,36;378,91;16,86;133,94;2022
17/07/2022;249,5866667;464,99;100,71;127,7032673;249,075;380,232;456,91;142,7;124,53;2022
18/07/2022;490,7266667;686,53;282,44;121,4841734;324,28;624,93;686,53;213,14;86,46;2022
19/07/2022;520,6004167;650;318,72;109,1613721;355,2816667;626,102;650;210;89,02;2022
20/07/2022;594,41625;820,87;314,99;144,7160302;389,3783333;636,126;651;196,15;259,11;2022
21/07/2022;549,2516667;693,86;345,07;118,8390855;374,9416667;633,808;651;168,67;109,89;2022
22/07/2022;493,6975;720,52;331,01;114,6462124;353,0383333;577,058;636,51;88,97;203,33;2022
23/07/2022;349,3829167;435,43;244,3;51,94821363;354,135;381,372;435,43;20,18;54,17;2022
24/07/2022;330,9608333;508,13;225,08;87,49278882;321,37;416,206;508,13;100,18;89,98;2022
25/07/2022;379,9029167;432,3;261,71;53,22598675;312,4633333;417,502;432,3;49,3;88,79;2022
26/07/2022;533,98;651;345,27;109,6572671;383,7333333;594,708;651;219,99;168,36;2022
27/07/2022;533,1191667;670,15;378,13;96,88955254;401,2383333;629,916;670,15;190;130,29;2022
28/07/2022;538,8558333;650;399,08;82,41707321;419,485;627,058;650;148,83;101,13;2022
29/07/2022;496,5904167;577,49;374,83;61,50438319;401,6016667;527,39;577,49;65,11;53,76;2022
30/07/2022;394,3316667;479,81;308,35;51,76229429;380,76;446,142;469,3;20,5;81,02;2022
31/07/2022;321,17125;483,93;208,74;88,71101693;310,415;415,928;466,34;133,76;78,78;2022
01/08/2022;459,4975;592,03;320,86;75,61575913;366,745;550,066;592,03;74,34;88,03;2022
02/08/2022;478,6391667;650;352,69;82,90946691;401,7166667;594,778;650;118,36;92,88;2022
03/08/2022;508,2125;650;326,3;92,24059095;389,9283333;634,36;650;194,93;68,2;2022
04/08/2022;477,35625;552,83;345,3;69,54516267;368,57;530,914;552,83;100,56;77,2;2022
05/08/2022;409,35375;483,91;315,05;51,43016817;347,0316667;415,106;437,43;-64,91;87,45;2022
06/08/2022;277,32125;397,44;153,25;70,96404346;273,1733333;343,73;397,44;28,96;75,74;2022
07/08/2022;220,3166667;421,99;76,57;119,2364218;235,3383333;347,26;421,99;96,67;102,25;2022
08/08/2022;362,76125;495,9;272,22;69,81862081;293,9;458,102;495,9;76,41;76,16;2022
09/08/2022;348,4366667;469,8;273,31;67,00389604;297,9833333;427,856;469,8;36,47;67,69;2022
10/08/2022;339,2891667;454,73;273,81;59,74776073;295,3966667;417,332;454,73;93;61,07;2022
11/08/2022;386,32375;539,9;306,3;65,73106134;350,41;474,392;539,9;50,85;89,9;2022
12/08/2022;446,8429167;565,4;379,99;55,3071672;404,3483333;514,448;565,4;20,85;70,01;2022
13/08/2022;397,84125;504,7;328,56;54,64291547;389,0016667;473,28;504,7;86,3;64,6;2022
14/08/2022;363,6220833;462,6;262,1;59,0309607;361,515;429,088;462,6;63,13;63,83;2022
15/08/2022;432,6175;555,72;350;61,88077128;387,1866667;511,252;555,72;133,57;51,55;2022
16/08/2022;508,25875;664,89;386,38;77,23666663;443,8;616,456;664,89;110,05;93,14;2022
17/08/2022;554,22625;747,93;438,95;75,54695751;472,335;665,472;747,93;147,82;82,74;2022
18/08/2022;553,8541667;650;458,45;56,81230607;474,985;612,15;650;54,25;77,92;2022
19/08/2022;512,3454167;581,2;429,24;43,47592357;466,7483333;550,274;569,4;23,63;52,31;2022
20/08/2022;455,1329167;541,88;345,47;53,58997817;442,6933333;497,876;541,88;3,37;99,09;2022
21/08/2022;406,7279167;644,92;245;133,1762862;391,325;568,284;644,92;164,01;129,34;2022
22/08/2022;576,2116667;722,79;447,59;67,05798222;486,1533333;658,566;722,79;78,47;82,79;2022
23/08/2022;616,8983333;794,95;500,57;79,23305424;528,9516667;727,316;794,95;85,7;96,93;2022
24/08/2022;645,1729167;850;522,92;80,57961629;545,9733333;756,134;850;102;100;2022
25/08/2022;637,1745833;766,79;513,06;70,55834835;544,8366667;727,564;766,79;108,09;76,07;2022
26/08/2022;714,23375;802,99;569,21;72,33015096;606,8516667;769,866;780,65;20;151,01;2022
27/08/2022;619,43125;722,04;491,4;62,53201798;572,95;677,428;722,04;113,76;145,4;2022
28/08/2022;491,9145833;702,95;372,2;101,0127452;478,0966667;598,98;702,95;158,61;213,7;2022
29/08/2022;737,2595833;871;516,62;113,2616317;560,01;840,262;871;144,73;121,1;2022
30/08/2022;742,37125;1021,73;547,24;112,0446887;579,62;869,012;1021,73;48,69;151,73;2022
31/08/2022;653,6725;759,99;532,14;68,93414231;547,3883333;715,514;759,99;43,09;102,02;2022
01/09/2022;626,5991667;800;418,74;96,08072846;492,1683333;738,318;800;113,31;117,12;2022
02/09/2022;523,5841667;640,26;362,68;75,17112541;434,955;593,236;640,26;31,37;86,64;2022
03/09/2022;404,9945833;575,66;250,15;86,14999604;321,78;489,474;575,66;178,63;101,06;2022
04/09/2022;313,6129167;509,93;170,97;101,5225381;257,07;459,066;509,93;244,4;138,63;2022
05/09/2022;458,4908333;622,75;213,08;103,8370514;340,74;561,238;622,75;111,2;128,19;2022
06/09/2022;516,0779167;640,72;348,95;71,59494219;412,835;586,632;640,72;24,4;136,22;2022
07/09/2022;472,9304167;626,03;367,19;68,76774677;395,905;572,99;626,03;85,85;87,94;2022
08/09/2022;440,28625;558,16;238,2;75,35718845;350,475;509,336;558,16;4,36;161,87;2022
09/09/2022;357,7095833;467,95;195,43;77,4874913;278,1566667;436,098;467,95;59,73;96,88;2022
10/09/2022;406,54875;491,86;348,07;46,05327428;368,4683333;468,31;491,86;88,22;64,26;2022
11/09/2022;388,1245833;517,2;251,8;63,82760306;363,815;474,478;517,2;80,97;61,22;2022
12/09/2022;415,9204167;540,64;314,47;63,65285761;350,8933333;497,576;540,64;56,12;69,83;2022
13/09/2022;446,5333333;613;313,38;81,99447106;333,255;547,752;613;97,26;87,17;2022
14/09/2022;463,4458333;625,28;335,64;78,1679371;355,2216667;533,406;625,28;87,54;88,67;2022
15/09/2022;445,3316667;500,1;301,87;58,22601814;364,4166667;474,254;495,66;7,8;83,49;2022
16/09/2022;378,3558333;528,89;229,47;88,24210495;313,6333333;387,596;405,01;23,9;181,43;2022
17/09/2022;227,9795833;342,94;122,72;55,84842962;208,5183333;275,916;342,94;22,12;114,35;2022
18/09/2022;194,5441667;345,1;61,01;76,97160153;186,345;265,936;345,1;44,06;96,81;2022
19/09/2022;325,2270833;442,05;160,02;74,85810034;218,975;398,906;442,05;58,83;136,5;2022
20/09/2022;382,505;580,61;260,1;85,31721978;282,0566667;492,456;580,61;94,05;111,56;2022
21/09/2022;386,1670833;574,51;297,28;78,71469602;323,51;465,63;574,51;66,76;131,51;2022
22/09/2022;408,565;600;310,94;74,98164251;334,775;491,042;600;53,99;110,91;2022
23/09/2022;400,6304167;485,37;300,48;52,96430976;327,135;444,992;485,37;49,47;86,09;2022
24/09/2022;345,8875;440,78;230;47,97930843;290,245;402,46;440,78;62,64;82,03;2022
25/09/2022;272,1558333;412,26;179,85;70,01560633;208,5033333;376,912;412,26;151,95;77,74;2022
26/09/2022;277,47875;422,6;126,43;92,41463;160,7583333;370,982;422,6;62,87;154,75;2022
27/09/2022;359,5866667;680;151,3;124,8774188;215,5766667;389,37;432,27;9,98;176,53;2022
28/09/2022;397,71625;640,42;242,98;90,285209;292,9633333;503,2;640,42;126,83;130,42;2022
29/09/2022;465,685;674,4;315,19;103,7213048;332,0666667;503,638;605;83,12;129,86;2022
30/09/2022;331,5916667;559,91;103,8;117,4049244;265,2483333;317,646;382,39;-72,58;221,23;2022
01/10/2022;126,4654167;226,62;50,25;50,74101917;101,7883333;193,402;226,62;104,49;57,25;2022
02/10/2022;201,6308333;425,18;88;100,5116886;155,26;334,928;425,18;110,46;137,02;2022
03/10/2022;290,7316667;473,04;177,89;79,12376352;208,72;379,012;473,04;30,82;162,59;2022
04/10/2022;297,8395833;600;161,38;111,3743547;210,67;397,674;600;51,08;218,95;2022
05/10/2022;216,9166667;336,11;128,5;47,68330896;170,3733333;264,932;336,11;30,96;103,69;2022
06/10/2022;259,0545833;424,3;174,26;73,43689198;200,0166667;325,414;424,3;97,17;86,17;2022
07/10/2022;268,98;436,59;151;70,17793367;181,8183333;321,292;436,59;22,93;139,38;2022
08/10/2022;218,63125;339,69;143,08;56,44041216;165,7466667;264,604;339,69;44,63;86,93;2022
09/10/2022;167,2233333;285,14;75,48;56,16971872;168,9466667;241,042;285,14;124,9;81,07;2022
10/10/2022;209,1220833;298,03;102,84;53,7197164;147,1416667;251,832;298,03;56,52;57,3;2022
11/10/2022;274,18;485,57;170,8;82,31099911;191,605;390,278;485,57;181,36;120,06;2022
12/10/2022;286,8583333;483,88;198,99;87,22658548;215,7166667;353,496;479,97;75,63;169,31;2022
13/10/2022;261,6416667;346,8;182,96;44,29439504;206,86;300,686;346,8;59,99;42,47;2022
14/10/2022;258,0445833;412,65;174;54,07657911;206,3183333;270,01;301,12;17,75;77,75;2022
15/10/2022;154,41;205,89;114,63;25,72858028;137,585;178,744;205,89;45,59;49,17;2022
16/10/2022;125,5054167;225,84;69,86;38,38203474;97,47833333;182,97;225,84;109,2;80,52;2022
17/10/2022;177,7883333;281,15;89,64;49,55065486;112,5883333;239,56;281,15;128,45;51,87;2022
18/10/2022;190,4895833;286,82;125,18;46,94472434;138,7166667;222,334;259,95;38,7;62,49;2022
19/10/2022;156,9029167;232,85;88,27;38,22084197;118,5566667;185,332;220,1;60,33;68,5;2022
20/10/2022;145,1633333;197,01;66,74;37,12778506;93,61333333;176,892;197,01;55,45;35,8;2022
21/10/2022;159,4504167;206,63;84,92;35,03862893;110,5283333;188,24;206,63;54,69;66,96;2022
22/10/2022;127,54125;183,41;99,15;23,03164181;107,995;159,254;183,41;59,13;53,04;2022
23/10/2022;83,5375;121,99;53,27;16,89672601;72,71333333;93,584;121,99;23,71;40,27;2022
24/10/2022;88,88541667;150,16;29,85;30,89060346;50,65333333;121,858;150,16;68,17;35,4;2022
25/10/2022;112,2666667;189,17;61,15;33,65151288;76,69166667;161,06;189,17;93,19;37,42;2022
26/10/2022;111,6933333;173,32;80,4;26,14209078;88,43333333;142,492;173,32;79,06;54,19;2022
27/10/2022;122,0458333;172,32;89,64;25,17387896;92,43166667;149,114;169,54;59,54;37,32;2022
28/10/2022;109,2875;135,31;88,02;15,7415372;90,22666667;126,264;135,31;21,98;21,23;2022
29/10/2022;99,53416667;133,41;80,9;14,7213846;92,61833333;120,096;133,41;41,98;25,53;2022
30/10/2022;119,43;170,38;97,81;23,30464947;105,51;155,596;170,38;69,83;15,8;2022
31/10/2022;143,3258333;183,26;95,34;23,64345261;114,0983333;163,112;183,26;37,3;23,75;2022
01/11/2022;89,18208333;134,54;55,24;20,55653984;67,105;116,888;134,54;54,32;25,34;2022
02/11/2022;118,84375;180;63,8;28,99675466;90,51333333;154,89;180;63,53;40,57;2022
03/11/2022;123,2995833;173,52;74,33;23,0612205;102,1283333;148,514;173,52;75,96;29,41;2022
04/11/2022;186,4266667;240,55;122,13;32,32935853;139,4483333;216,172;240,55;65,76;39,52;2022
05/11/2022;141,1829167;170;115,12;13,94009029;138,7616667;159,74;170;22,6;20,6;2022
06/11/2022;109,4066667;155,61;85,7;19,7229497;110,355;131,48;155,61;59,5;30,09;2022
07/11/2022;123,0020833;167,64;96,03;26,3320892;101,9433333;154,292;167,64;36,3;52,74;2022
08/11/2022;115,15625;159,69;72,25;25,07009613;86,85666667;146,108;159,69;63,59;36,51;2022
09/11/2022;139,6583333;205,29;97,27;30,71461876;102,6633333;180,012;205,29;81,23;36,62;2022
10/11/2022;158,3866667;213,53;105,63;37,71410873;115,6816667;195,618;213,53;47,4;41,12;2022
11/11/2022;138,86625;208,22;104;27,06479902;120,3633333;176,098;208,22;91,22;45,88;2022
12/11/2022;154,34875;238;108,69;31,35865283;136,49;199,466;238;80;100,99;2022
13/11/2022;148,5841667;198,31;123,66;18,66124837;141,5883333;174,032;198,31;63,02;40,17;2022
14/11/2022;194,8429167;256,25;115,99;46,27824848;133,145;228,798;256,25;78,24;64,47;2022
15/11/2022;183,5645833;231,63;113,41;40,14456355;127,0033333;207,308;231,63;53,53;47,49;2022
16/11/2022;175,6004167;261,15;86,48;59,42256009;101,0416667;205,314;261,15;80,41;60,13;2022
17/11/2022;163,0575;285,1;37,06;64,60175723;87,00166667;235,164;285,1;121,11;73,61;2022
18/11/2022;238,5729167;325,54;121,08;58,41449816;152,3666667;296,288;325,54;100,76;75,53;2022
19/11/2022;212,7533333;287,29;144,06;37,28668706;178,5316667;260,394;287,29;137,36;61,39;2022
20/11/2022;210,11625;273;141,21;31,87959315;175,3283333;253,362;273;92,92;51,89;2022
21/11/2022;246,0316667;324,05;122,28;65,96923365;149,435;278,93;321,15;46,89;100,04;2022
22/11/2022;213,16;294,9;82,3;67,0546299;111,2066667;272,834;294,9;131,89;70,86;2022
23/11/2022;186,4920833;268,55;124,45;40,10719257;143,5183333;202,664;227,69;17,65;49,17;2022
24/11/2022;240,0895833;323,4;112,02;70,35285956;134,6266667;280,324;323,4;85,71;79,67;2022
25/11/2022;263,8945833;349,9;151,82;60,03280552;174,0433333;311,164;349,9;99,53;64,08;2022
26/11/2022;238,44375;315,92;144,88;39,61724502;198,0516667;267,538;315,92;91,16;65,82;2022
27/11/2022;176,61875;250,53;99,4;45,33664554;135,0716667;220,956;250,53;121,47;28,64;2022
28/11/2022;320,2979167;428,45;164,78;85,00684525;196,015;389,346;428,45;148,34;69,19;2022
29/11/2022;374,9558333;501,1;226,38;89,01151728;258,9716667;437,336;501,1;191,15;100,51;2022
30/11/2022;396,5233333;503,55;260,55;88,44641009;278,5633333;446,1;503,55;164,3;103,53;2022
01/12/2022;393,5570833;484,07;270,74;73,8107243;289,3416667;443,802;484,07;128,46;99,17;2022
02/12/2022;384,71125;460,7;298,53;52,98888262;310,4483333;395,57;410,6;43,24;68,7;2022
03/12/2022;307,525;358,73;238,67;31,95890323;268,5816667;329,102;358,73;83,3;43,29;2022
04/12/2022;307,0854167;400;230,51;44,18489098;266,4016667;370,146;400;163;52;2022
05/12/2022;374,87875;455,21;268,6;62,13173748;293,3616667;415,844;455,21;125,49;63,24;2022
06/12/2022;418,86625;541,27;287,38;81,68961553;312,9033333;450,936;490,79;124,27;98,63;2022
07/12/2022;430,0545833;567,8;288,03;73,06033885;339,8433333;501,32;567,8;83,21;122,28;2022
08/12/2022;418,4791667;508,91;296,35;70,17907479;320,3183333;472,104;508,91;136,07;105,19;2022
09/12/2022;449,8854167;561,9;309,28;86,22850215;322,54;503,03;561,9;146,36;85,95;2022
10/12/2022;369,0975;451,1;293,35;48,10044565;314,69;414,326;451,1;133,34;46,61;2022
11/12/2022;334,21;435,64;277,66;43,00243694;293,9366667;397,6;435,64;149,09;52,34;2022
12/12/2022;466,2991667;753;297,12;126,8595277;307,98;534,788;620,33;228,09;153,6;2022
13/12/2022;464,4808333;665,01;284,66;119,7007119;306,435;549,712;665,01;259,92;130,8;2022
14/12/2022;450,3845833;590;289,36;107,5879714;307,6766667;510,428;590;188,18;126,15;2022
15/12/2022;405,9566667;500;271,39;83,18753955;286,5033333;458,612;500;153,52;114,2;2022
16/12/2022;410,87875;561,08;269,83;101,7633837;282,605;442,222;505;152,39;116,47;2022
17/12/2022;280,6525;335,42;240;27,23895504;256,5333333;310,724;335,42;90,88;30,29;2022
18/12/2022;227,8354167;294,05;123,57;38,7791265;220,3216667;235,89;294,05;68,59;140,43;2022
19/12/2022;197,93;260,14;77,24;66,69666454;95,91333333;236,13;260,14;83,13;67,9;2022
20/12/2022;204,4979167;310,14;76,35;68,33489394;105,1483333;276,646;310,14;155,48;53,7;2022
21/12/2022;217,3866667;273;158,85;34,21445228;172,3066667;223,922;246,67;17,01;38,89;2022
22/12/2022;194,4875;236,11;106,32;38,02001169;137,5366667;218,112;236,11;48,14;49,6;2022
23/12/2022;169,6529167;225,09;81,2;34,21710448;133,955;190,766;212,01;40,48;67,52;2022
24/12/2022;114,9891667;169,51;32,52;44,25578065;56,28;144,414;169,51;100,31;40,67;2022
25/12/2022;105,1983333;137,12;50,3;18,62004756;88,54166667;125,048;137,12;46,92;61,81;2022
26/12/2022;77,1;189,26;16,33;54,86931375;34,485;154,47;189,26;149;46;2022
27/12/2022;121,3445833;164,69;40,28;35,47484461;70,265;151,88;164,69;65,98;50,72;2022
28/12/2022;50,60375;99,97;0,1;30,98597099;8,156666667;79,148;99,97;75,17;33;2022
29/12/2022;33,77916667;72,28;-1,44;24,1262098;6,045;60,588;72,28;71,21;17,09;2022
30/12/2022;16,89708333;34,27;0,57;12,01225587;2,556666667;20,522;34,27;16,51;12,96;2022
31/12/2022;4,598695652;20,47;0;6,992907644;0,038;13,89;20,47;20,46;10,7;2022
31/12/2022;0;0;0;;0;;#NAME?;;;2023
01/01/2023;17,92375;61,38;-4,37;23,97067245;8,021666667;46,606;54,95;48,8;22;2023
02/01/2023;127,8808333;174,74;42,75;41,80888536;66,06;161,794;174,74;69,66;37,17;2023
03/01/2023;144,8875;171,23;82,03;26,44354022;110,9483333;156,47;171,23;30,09;37,97;2023
04/01/2023;97,23791667;167,29;8,56;41,9263188;37,80666667;140,126;167,29;94,84;51,47;2023
05/01/2023;129,1741667;194,67;27,68;46,46077784;60,66;174,508;194,67;99,62;42,91;2023
06/01/2023;121,435;163,5;75,75;24,05429185;88,91333333;147,514;163,5;66,05;16,45;2023
07/01/2023;82,49375;113,96;13,21;22,18898607;70,65666667;91,818;103,82;32,07;84,98;2023
08/01/2023;71,53541667;122,61;4,16;43,443327;18,05166667;110,292;122,61;111,98;34,57;2023
09/01/2023;128,6825;182,18;35,94;47,82661432;58,33;165,612;182,18;96,92;75,06;2023
10/01/2023;125,5754167;181,67;7,41;38,19960494;82,31666667;132,314;149,02;5,9;89,38;2023
11/01/2023;90,14291667;145,72;0,08;52,40779933;7,586666667;123,578;135,19;70,58;58,84;2023
12/01/2023;82,36583333;132,89;6,27;41,22943365;17,27666667;115,132;132,89;41,77;61,1;2023
13/01/2023;80,88833333;128,08;5,03;38,25393468;26,25333333;118,566;128,08;69,16;33,66;2023
14/01/2023;54,01708333;73,5;25;12,34292985;50,78833333;58,052;69,78;16,27;48,5;2023
15/01/2023;36,62375;80,1;3,1;26,30705358;17,075;69,004;80,1;73,75;31,02;2023
16/01/2023;138,30375;185,99;56,1;40,36365022;78,18166667;161,578;175,78;19,09;67,63;2023
17/01/2023;179,4558333;255,02;135,3;30,0918293;145,9983333;186,714;210,51;37,45;60,01;2023
18/01/2023;157,9695833;195,39;123,54;19,97711135;135,2883333;167,636;186;33,3;23,25;2023
19/01/2023;185,0808333;229,47;145,09;25,76233532;151,15;209,698;229,47;56,97;21,4;2023
20/01/2023;187,4458333;235,06;153,09;24,13542821;157,0566667;200,062;210,45;28,19;26,99;2023
21/01/2023;156,1825;182,17;134,68;14,97021659;147,1766667;173,756;182,17;44,74;29,7;2023
22/01/2023;167,3341667;209,16;139,04;19,42416445;150,935;196,57;209,16;57,98;20,96;2023
23/01/2023;205,83;270;150,12;36,64204617;158,8583333;221,81;248,9;58,17;37,22;2023
24/01/2023;204,6933333;256,43;152,51;34,16961346;158,39;227,952;250;66,39;41,1;2023
25/01/2023;186,3475;225,04;147,02;24,93418297;151,0066667;200,86;215,19;38,54;26,64;2023
26/01/2023;171,565;205,51;135,85;22,7880827;142,3266667;182,694;197,96;32,58;21,56;2023
27/01/2023;171,2641667;200,7;130,55;23,96775114;136,6366667;188,922;200,7;49,3;24,7;2023
28/01/2023;147,3983333;178,55;122,75;15,46460943;134,4016667;164,448;178,55;50,32;14,68;2023
29/01/2023;143,5058333;178,58;116,5;18,82534991;132,285;169,646;178,58;47;34,29;2023
30/01/2023;164,3454167;224,39;90;32,10248209;123,3866667;199,606;224,39;96,35;39,94;2023
31/01/2023;159,2895833;188,1;120,87;19,12437086;138,48;175,704;187,36;22,83;24,66;2023
01/02/2023;151,7070833;189,74;103,79;23,34514203;127,26;174,924;189,74;32,88;34,92;2023
02/02/2023;155,0091667;183,12;113,74;20,04040048;128,1916667;170,618;183,12;41,62;28,52;2023
03/02/2023;142,10375;185,13;95,64;21,51313326;119,3233333;162,206;185,13;29,11;26,43;2023
04/02/2023;153,1695833;184,16;129,12;15,15636887;140,6166667;172,064;184,16;41,01;14,93;2023
05/02/2023;133,5333333;176,54;107,33;21,27892296;131,1883333;163,552;176,54;57,56;23,41;2023
06/02/2023;171,6775;213,5;140,1;23,9877471;144,275;194,098;213,5;37,86;26,71;2023
07/02/2023;176,20375;245,6;139,07;30,31401438;144,7633333;216,814;245,6;75,06;32,28;2023
08/02/2023;165,1925;215,9;135,14;21,26647581;151,7466667;181,72;193,03;16,76;26,09;2023
09/02/2023;179,7758333;256,66;146,52;30,22514975;153,8383333;203,112;237,59;53,81;50,05;2023
10/02/2023;159,1004167;202,71;124,58;20,68259917;147,47;172,86;185,88;9,68;22,7;2023
11/02/2023;148,935;177,96;123,31;14,55636332;145,4333333;164,96;177,96;21,05;26,68;2023
12/02/2023;142,99375;175,58;120;16,18606374;132,3783333;167,256;175,58;39,39;23,38;2023
13/02/2023;163,66625;229,99;129,04;30,26963219;134,6083333;194,708;221,8;58,61;33,91;2023
14/02/2023;156,30625;206,98;127,9;25,9651656;134,3133333;181,938;199,99;33,53;33,53;2023
15/02/2023;150,11625;188,76;121,75;20,65494715;134,2566667;166,32;175,6;6,91;32,26;2023
16/02/2023;147,7908333;175,91;120;17,43124255;133,3366667;162,09;170,34;17,86;25,95;2023
17/02/2023;131,9679167;164,6;84;24,69480529;101,8866667;154,848;164,6;35,5;34,78;2023
18/02/2023;111,4270833;153,98;77,55;21,50109693;105,0133333;137,972;153,98;62,88;19,08;2023
19/02/2023;121,1225;159,44;92,55;20,9313163;100,9466667;152,828;159,44;49,36;21,03;2023
20/02/2023;135,9583333;168,72;107,21;21,22208338;117,0433333;155,914;168,72;25,12;28,31;2023
21/02/2023;153,9195833;179,16;130,56;15,17477182;140,4783333;169,776;178,13;20,59;18,7;2023
22/02/2023;150,3870833;176,34;125,3;16,50405154;129,14;165,764;175;19,99;21,96;2023
23/02/2023;149,5216667;178,24;124,81;16,06363694;129,1433333;159,082;165,22;11,24;23,98;2023
24/02/2023;149,0420833;174,18;117,74;15,74958384;133,3;163,538;174,18;6,88;24,92;2023
25/02/2023;141,7566667;163,34;117,93;12,98211702;135,9466667;151,696;163,34;18,88;20,92;2023
26/02/2023;115,20875;156,91;55,84;27,71946786;116,3466667;147,158;156,91;46,66;30,98;2023
27/02/2023;155,5204167;197,23;120,07;24,01326671;130,82;177,99;197,23;26,44;23,66;2023
28/02/2023;161,48875;195,8;137,01;19,45239078;140,0766667;180,796;195,8;31,42;23,63;2023
01/03/2023;153,17;199,95;126,65;20,80311912;138,6983333;175,372;199,95;21,06;24,66;2023
02/03/2023;166,3966667;229,28;140;26,28393883;142,7283333;187,278;229,28;22,85;40,91;2023
03/03/2023;161,8883333;220;142,24;22,209743;144,1116667;172,516;191,14;2,81;32,97;2023
04/03/2023;142,4358333;195,83;111,9;18,76144148;138,9066667;166,548;195,83;28,11;32,73;2023
05/03/2023;146,3120833;194,77;123,26;17,55454357;144,4533333;172,316;194,77;27,01;24,87;2023
06/03/2023;159,91625;217,09;134;22,85349442;140,215;175,118;201,69;24,09;32,09;2023
07/03/2023;152,11875;232,47;123,82;26,70810727;127,075;171,234;232,47;23,27;65,04;2023
08/03/2023;139,9670833;173,1;111;18,75347446;115,69;155,74;170,02;26,21;22,45;2023
09/03/2023;127,3379167;159,16;102,89;15,68818275;109,82;137,652;147,58;10,18;24,38;2023
10/03/2023;120,4416667;140,91;98,84;13,47035511;105,755;130,4;137,61;16,6;19,11;2023
11/03/2023;121,91;159,24;88,22;16,47141846;116,7466667;137,274;159,24;15,37;24,14;2023
12/03/2023;93,21291667;141,04;47,72;19,3192435;87,90333333;119,434;141,04;28,9;54,06;2023
13/03/2023;42,95125;102,16;8,35;31,25998794;23,315;79,53;102,16;40,84;44,92;2023
14/03/2023;86,50666667;200,41;2,36;59,85875866;26,99;164,112;200,41;102,34;47,9;2023
15/03/2023;144,66;199,72;117,39;24,20833795;122,9533333;171,086;199,72;37,78;31,5;2023
16/03/2023;106,2729167;142,35;78,93;18,67593091;98,82333333;120,674;132,7;3,13;27,93;2023
17/03/2023;102,8825;141,63;65,17;22,45358309;78,53333333;129,986;141,63;24,81;29,71;2023
18/03/2023;110,3216667;169,54;80,42;23,29934477;100,8116667;146,86;169,54;53,45;26,31;2023
19/03/2023;112,3491667;152,91;94,04;18,59638836;105,1466667;140,62;152,91;45;19,79;2023
20/03/2023;125,53125;165,47;100,1;18,14649141;114,27;147,528;165,47;15,23;19,37;2023
21/03/2023;115,3691667;145,66;79,93;16,65194672;106,7716667;127,592;143,9;2,84;32,35;2023
22/03/2023;89,30291667;140;59,1;22,57674111;73,86;119,66;140;26,42;19,38;2023
23/03/2023;81,28583333;144,43;42,06;30,53289358;59,905;123,642;144,43;49,35;32,83;2023
24/03/2023;56,50083333;116,23;11,22;29,20028155;41,85166667;95,104;116,23;34,52;48,96;2023
25/03/2023;27,29458333;84,37;-0,03;30,01712236;16,39833333;65,286;84,37;53,37;35,33;2023
26/03/2023;74,29125;117,86;40;24,39784779;66,95333333;103,764;117,86;43,16;40,62;2023
27/03/2023;121,6920833;187,6;80,51;29,94483856;100,8866667;147,61;187,6;10,91;38,88;2023
28/03/2023;122,4970833;175,08;92,9;24,29076931;106,515;139,89;160,98;6,87;30;2023
29/03/2023;114,8866667;152;82,9;18,93621092;94,71;127,03;150,01;8,85;27,09;2023
30/03/2023;81,32458333;129,3;9,53;32,43253197;74,24333333;104,232;121,36;8,28;36,64;2023
31/03/2023;75,1075;113,02;7,68;29,51400158;55,01833333;98,534;111,74;1,79;67,97;2023
01/04/2023;59,49416667;97,03;35,41;19,64468241;52,22166667;84,51;97,03;48,08;32,89;2023
02/04/2023;75,47791667;132,81;17,52;36,4908739;79,32166667;105,922;132,81;41,69;58,67;2023
03/04/2023;123,5566667;195;71,56;31,84904185;110,7183333;141,882;165,33;-6,3;33,42;2023
04/04/2023;136,5683333;201,67;107,31;27,91433209;119,335;156,504;180;1,75;35,59;2023
05/04/2023;143,7283333;208,16;112,96;29,77573445;125,75;169,626;199,56;-9,61;43,08;2023
06/04/2023;129,1995833;163,08;107,42;17,23512603;117,0216667;139,08;150,1;-2,51;19,12;2023
07/04/2023;123,6866667;150,11;100,22;16,14273714;115,6133333;135,758;150,11;-4,71;21,64;2023
08/04/2023;117,10875;140,21;88,92;15,88193732;115,8116667;128,26;140,21;5,09;14,92;2023
09/04/2023;102,6420833;133,46;55;24,0291685;108,9966667;118,274;133,46;-4,8;37,98;2023
10/04/2023;48,78125;89,7;-0,03;34,29964461;52,99833333;64,804;85;-25,59;76,73;2023
11/04/2023;97,88291667;165,38;0,94;47,27365812;37,37333333;137,1;165,38;33,84;60,55;2023
12/04/2023;106,1275;138,52;66,47;21,17389887;78,28;125,674;138,52;18,43;29,63;2023
13/04/2023;119,1233333;178,87;72,86;28,68936217;90,27166667;150,36;178,87;24,02;38,82;2023
14/04/2023;130,5420833;175,67;104,72;21,13074989;117,63;142,752;152,71;-6,58;26,93;2023
15/04/2023;105,7779167;134,51;76,43;16,09225468;107,685;121,314;134,51;7,1;20,13;2023
16/04/2023;110,7633333;140;94,37;13,42930723;105,965;124,836;140;11,71;17,67;2023
17/04/2023;124,03375;199,51;96,14;26,89216207;108,515;128,792;143,61;-18,35;38,02;2023
18/04/2023;111,9129167;154,88;82,28;20,40232861;101,745;121,84;138,62;-18,79;25,73;2023
19/04/2023;109,3845833;141,4;88,58;16,46465463;100,1016667;115,436;135,86;-23,39;24,13;2023
20/04/2023;114,915;147,42;86,76;21,44413754;103,5683333;133,628;147,42;1,02;25,23;2023
21/04/2023;119,0404167;148,95;77,3;19,49192843;110,6083333;128,57;144,93;-3,96;25,67;2023
22/04/2023;92,2775;132;22,56;29,02703301;98,27;119,524;132;13,15;35,21;2023
23/04/2023;81,62791667;125,02;4,87;32,61881465;88,54666667;109,918;125,02;19,72;33,71;2023
24/04/2023;107,84125;135,97;75,08;20,85130886;87,65666667;124,656;135,97;2,98;28,05;2023
25/04/2023;112,1533333;144,16;89,23;19,72790182;97,20166667;128,202;144,16;-1,56;25,04;2023
26/04/2023;118,4229167;154,97;92,85;19,86462871;98,51833333;138,534;154,97;4,71;23,26;2023
27/04/2023;107,9654167;142,58;88,31;16,63004143;98,83166667;120,9;129,8;-2,75;19,75;2023
28/04/2023;106,4125;126,38;83,07;14,1965364;97,57;114,862;126;2;20,37;2023
29/04/2023;99,26458333;120;66,2;15,14175223;100,91;106,952;120;-3,14;15,22;2023
30/04/2023;71,675;122,2;1,5;36,94300016;88,945;99,958;122,2;5,53;56,57;2023
01/05/2023;78,79875;121,72;17,87;29,58881712;90,92666667;85,294;121,72;-16,49;53,02;2023
02/05/2023;107,5504167;142,86;80,9;19,65086158;91,015;123,672;142,86;6,32;22,95;2023
03/05/2023;91,98541667;125,1;47,72;22,58310083;90,21833333;109,116;122,99;-6,66;39,81;2023
04/05/2023;88,20041667;119,9;59,79;18,41299127;81,62166667;98,422;115,52;0,69;35,17;2023
05/05/2023;99,30125;130;78,49;16,27176624;88,39;117,312;130;11,58;15,89;2023
06/05/2023;89,47791667;112,07;50;16,56528927;95,14;102,72;112,07;2,52;15,66;2023
07/05/2023;78,75875;109,2;24,09;23,77523251;88,28166667;98,262;109,2;10,55;33,51;2023
08/05/2023;96,13541667;122,76;77,99;13,96717518;88,29833333;112,224;122,76;12,54;13,04;2023
09/05/2023;101,1229167;121;81,06;11,82710574;88,59333333;107,698;115,01;-1,06;19,13;2023
10/05/2023;101,3066667;134,73;71,05;17,83354257;89,04833333;118,242;134,73;25,2;31,97;2023
11/05/2023;111,745;162,57;82;20,76129886;89,96;127,122;147;25,44;45,16;2023
12/05/2023;96,86;131,98;81,16;11,44363161;92,68;94,554;96,82;-6,94;16,51;2023
13/05/2023;75,8675;112,49;6,17;30,01693439;86,585;92,266;112,49;7,52;30,87;2023
14/05/2023;59,07583333;106,16;0,06;39,70383192;85,915;72,152;106,16;-21,78;59,49;2023
15/05/2023;88,35041667;125,68;61,73;17,1613366;75,60666667;89,596;104,95;-15,76;34,66;2023
16/05/2023;80,86791667;119,54;12,59;27,94196361;71,34333333;96,956;114,77;2,21;30,97;2023
17/05/2023;83,05416667;124,08;18,16;30,2310468;79,34833333;104,554;124,08;-9,45;34,66;2023
18/05/2023;80,84333333;119,95;29,41;23,00146511;80,07;104,192;119,95;26,27;28,48;2023
19/05/2023;79,17791667;106;53,69;15,91762954;78,00166667;86,334;96,41;2,4;27;2023
20/05/2023;44,59041667;87,69;-0,02;30,16038137;55,92333333;65,362;87,69;-8,4;27,95;2023
21/05/2023;33,38875;91;-23,36;39,65348346;48,20166667;62,184;91;10,53;44,15;2023
22/05/2023;85,18833333;113,42;67,7;11,01013117;79,49166667;86,578;91,47;-5,83;13,24;2023
23/05/2023;73,49833333;104;28,19;23,45381561;60,36166667;89,156;104;16,12;30,01;2023
24/05/2023;84,525;109,66;71,75;11,38512607;80,97833333;82,134;91,48;-0,29;20,24;2023
25/05/2023;71,29291667;105;20,56;25,41893021;76,18166667;81,646;94,97;-4,59;29,06;2023
26/05/2023;64,12333333;100,38;3,45;30,82608857;72,93666667;77,486;95,06;-8,43;30,54;2023
27/05/2023;59,31791667;100,82;-0,09;39,01751825;79,53333333;87,192;100,82;2,15;52,82;2023
28/05/2023;37,7525;81,92;-37,13;42,42995858;70,63;56,636;81,64;-17,34;50,06;2023
29/05/2023;30,42125;85,54;-45,6;37,8670317;45,75666667;53,182;85,54;8,3;45,37;2023
30/05/2023;75,50583333;109,19;36,33;22,20472314;62,16833333;92,356;105,08;21,42;46,27;2023
31/05/2023;64,26458333;105;3,45;32,15214226;65,66333333;86,934;105;12,03;43,07;2023
01/06/2023;71,8625;103,38;3,39;28,07515074;72,76333333;92,878;103,38;3,25;31,74;2023
02/06/2023;73,1975;99,82;36,82;17,86455666;70,80166667;89,328;99,82;22,25;24,24;2023
03/06/2023;51,32333333;81,12;-3,39;31,89928344;72,985;67,614;77,2;3,29;42,04;2023
04/06/2023;48,71583333;97,3;-33,79;39,79447557;71,28666667;75,832;92,38;12,05;43,71;2023
05/06/2023;82,4275;103,67;63,64;14,42833813;70,44333333;97,902;103,67;6,63;18,26;2023
06/06/2023;83,16958333;102,7;60,66;13,46733713;69,32166667;94,872;101,57;6,25;18,5;2023
07/06/2023;87,95958333;108,5;65,7;13,49369369;76,855;101,35;108,5;21,82;20,15;2023
08/06/2023;81,79333333;101,6;64,06;12,90429274;80,43166667;93,268;101,6;11,4;14,69;2023
09/06/2023;85,3075;106,45;64,06;13,4095366;80,18;98,064;106,45;15,07;24,04;2023
10/06/2023;63,02125;91,25;6,56;29,96487731;81,09333333;77,558;91,25;-4,46;35,36;2023
11/06/2023;50,65583333;111,99;-9,81;42,84771953;69,99833333;86,26;111,99;31,77;55,9;2023
12/06/2023;99,09958333;133,04;81,1;16,52280729;86,24833333;117,652;133,04;4,87;23,36;2023
13/06/2023;93,53833333;120,73;68,15;16,41346284;87,635;106,836;120,73;-0,07;17,2;2023
14/06/2023;100,8658333;140,32;75,54;19,86645828;93,73;123,242;140,32;17,29;24,7;2023
15/06/2023;114,7908333;147,99;90;20,74607012;107,9333333;133,016;147,99;20,72;20,61;2023
16/06/2023;127,8595833;175,07;101,65;21,69411751;118,7666667;150,406;175,07;3,35;25,75;2023
17/06/2023;103,3958333;146,97;39,38;31,11707834;115,5116667;129,272;146,97;5,06;28,92;2023
18/06/2023;88,505;137,06;25,1;31,62539211;96,51666667;115,75;134,02;12,48;25,86;2023
19/06/2023;115,11625;167,77;88,34;25,10924406;99,19;145,984;167,77;27,22;30,77;2023
20/06/2023;120,69875;165,08;99,45;20,57687628;105,9833333;146,842;165,08;28,11;21,46;2023
21/06/2023;125,1445833;187,46;95,78;25,30875926;112,5216667;154,212;187,46;14,6;29,43;2023
22/06/2023;122,69;157,43;95,2;18,08304202;107,43;143,812;157,43;11,78;20,13;2023
23/06/2023;108,4804167;137,1;82,17;18,42226783;99,25166667;122,11;137,1;-6,28;21,25;2023
24/06/2023;76,40041667;127,12;0,31;40,10162194;99,425;98,052;113,52;-0,36;52,78;2023
25/06/2023;62,24416667;127,59;-0,1;44,97653755;88,75666667;96,256;122,49;29,81;59,3;2023
26/06/2023;91,86541667;129,53;48,48;23,09601264;79,395;107,532;125,73;23,09;36,2;2023
27/06/2023;103,2754167;134,79;83,2;18,48269507;91,01;120,582;134,79;-1,72;24,74;2023
28/06/2023;108,4225;139,3;86,16;16,53897275;96,51833333;126,684;139,3;29,24;18,83;2023
29/06/2023;110,46375;130,31;96,88;11,5857209;102,7366667;119,22;124,62;4,23;15,32;2023
30/06/2023;98,07166667;127,31;64,75;16,08039007;83,38666667;103,24;118,05;0,8;31,93;2023
01/07/2023;35,52125;92,97;-0,01;31,90099062;24,625;52,566;92,05;-9,46;58,26;2023
02/07/2023;2,915416667;94,9;-134,94;53,99944259;18,23833333;28,586;85,91;0,04;57,67;2023
03/07/2023;70,78916667;129,15;10,26;39,26167496;47,64666667;101,416;129,15;5,81;49,24;2023
04/07/2023;98,31375;140,7;51,75;27,23015796;82,39166667;122,114;140,7;2,83;31,12;2023
05/07/2023;79,45875;123,79;36,3;27,68057525;76,985;100,62;123,79;16,55;33,82;2023
06/07/2023;105,2625;131,83;81,61;18,69280453;93,24;121,33;131,83;-0,82;19,38;2023
07/07/2023;92,8625;124,27;64,98;18,38249693;89,82166667;109,532;124,27;30,97;41,29;2023
08/07/2023;82,88666667;132,86;29,42;31,80503497;86,215;114,654;132,86;30,79;23,9;2023
09/07/2023;89,02166667;134,1;37,11;28,68066743;100,825;109,838;134,1;4,29;20,6;2023
10/07/2023;117,53125;173,42;88,32;27,52018663;103,6183333;143,636;173,42;9,8;40,77;2023
11/07/2023;102,7570833;128,21;77,36;16,53726976;90,04;119,286;128,21;18,68;24,67;2023
12/07/2023;98,58708333;123,79;72,33;16,69893188;89,13166667;108,806;123;0,08;19,41;2023
13/07/2023;100,9941667;137,31;74,22;18,75742703;91,71333333;115,108;137,31;-9,29;23,36;2023
14/07/2023;78,3475;104,79;45,68;16,88829238;76,97666667;80,752;101,75;-17,33;36,96;2023
15/07/2023;28,35291667;89;-1;31,08307109;24,44333333;54,934;89;10,28;36,81;2023
16/07/2023;22,185;114,95;-40,45;53,58222426;27,69666667;68,012;110,72;37,33;59,22;2023
17/07/2023;82,28541667;126,44;19,95;30,57536561;76,08333333;101,982;125;0,27;39,06;2023
18/07/2023;105,36625;188;68,55;32,57248116;83,625;148,068;188;25,57;46,12;2023
19/07/2023;88,87833333;116,03;64,21;17,09357791;85,81666667;95,524;113,04;10,25;32,59;2023
20/07/2023;96,55625;145,01;70,64;21,05732957;80,76666667;118,13;145,01;5,64;27,15;2023
21/07/2023;90,1725;111,51;68,39;14,0357727;82,77666667;89,922;103,98;-1,21;27,47;2023
22/07/2023;72,80541667;97,79;19,52;24,55194475;87,96833333;83,956;97,79;-8,8;24,38;2023
23/07/2023;31,76625;100,81;-0,1;38,58408117;42,19666667;59,3;95,67;30,68;34,89;2023
24/07/2023;87,61791667;105,84;66,2;13,45638913;80,45833333;91,068;105,25;-3,2;18,47;2023
25/07/2023;93,54208333;120,07;63,43;16,09548734;80,00833333;111,45;120,07;24,52;16,1;2023
26/07/2023;97,88208333;120,3;79,64;12,72397018;85,57166667;109,564;120,3;0,47;16,8;2023
27/07/2023;88,755;111;64,31;13,89295161;76,04833333;101,146;111;24,5;16,01;2023
28/07/2023;94,40416667;113,82;75,65;13,51903776;87,32833333;99,362;113,82;-11,47;14,22;2023
29/07/2023;74,7125;101,97;20,16;24,38641162;85,37166667;84,112;101,97;-8,61;25,16;2023
30/07/2023;40,38125;93;-0,04;33,00937855;56,74;63,618;93;-4,69;33,18;2023
31/07/2023;70,32791667;96,96;28,91;19,24739146;46,93;86,17;96,96;6,67;21,4;2023
01/08/2023;78,20458333;112,77;56,94;17,23351436;67,17;92,06;112,77;12,94;22,75;2023
02/08/2023;53,0675;71,05;9,54;18,87994156;49,42666667;62,262;71,05;10,8;60,08;2023
03/08/2023;52,65458333;98,5;0,09;34,00001943;32,44;84,69;98,46;40,95;30,75;2023
04/08/2023;93,73416667;121,07;76,6;13,94769357;85,295;107,94;121,07;11,9;21,1;2023
05/08/2023;71,88416667;92,58;21,93;21,00221229;76,62;65,206;90;-45,24;70,65;2023
06/08/2023;24,8925;78,13;0;29,33174067;21,46333333;53,668;78,13;35,87;27,7;2023
07/08/2023;71,36375;124,95;7,18;29,40036332;43,74666667;100,864;124,95;12,88;42,49;2023
08/08/2023;70,10166667;100,21;38,9;18,22007747;60,83166667;83,512;100,21;2,04;22,02;2023
09/08/2023;94,2725;130,81;68,38;18,7198261;80,98666667;111,224;130,81;0,37;20,39;2023
10/08/2023;96,11291667;125,51;68,51;15,45625341;90,84;109,342;125,51;0,19;21,79;2023
11/08/2023;96,21416667;130,5;46,78;22,93727286;91,83166667;118,292;130,5;7,05;26,57;2023
12/08/2023;79,31166667;112,28;6;32,66561584;92,23333333;96,596;112,28;-7,98;47,18;2023
13/08/2023;65,86125;120,01;1,52;38,50572429;79,51166667;97,02;120;6,92;52,53;2023
14/08/2023;89,38541667;125,12;63,68;18,82318413;79,675;105,688;125,12;8,65;24,67;2023
15/08/2023;87,92166667;133,04;23,54;27,66435058;93,785;108,924;133,04;13,83;28,77;2023
16/08/2023;105,27;150,45;74,56;19,56363663;89,73666667;129,75;150,45;19,24;24,35;2023
17/08/2023;101,4195833;132,25;78,3;14,73580245;91,81666667;114,978;132,25;10,52;28,89;2023
18/08/2023;95,30791667;123;68,09;14,81637313;81,45166667;115,742;123;12,64;22,38;2023
19/08/2023;71,01166667;132,53;10,64;41,68367324;56,53833333;113,884;132,53;47,11;41,7;2023
20/08/2023;90,36;139,54;13,25;37,32455818;104,79;122,468;139,54;10,17;45,17;2023
21/08/2023;115,5558333;155,66;90,56;19,69879999;100,715;141,802;155,66;26,45;19,97;2023
22/08/2023;120,19625;188,19;87,77;27,21106581;105,0966667;155,188;188,19;29,36;49,59;2023
23/08/2023;149,0879167;276,12;94,03;53,13165199;111,4533333;232,644;276,12;87,17;79,71;2023
24/08/2023;142,8866667;265,3;96,86;45,5367556;106,4766667;215,19;265,3;74,98;52,76;2023
25/08/2023;112,43125;140,61;91,33;17,58377323;100,94;119,252;140,61;-29,87;35,93;2023
26/08/2023;98,10291667;128,22;78,76;15,10827889;95,54;114,178;128,22;8,99;18,23;2023
27/08/2023;89,50708333;127,55;37,26;20,85874532;88,23;101,79;127,55;6,94;26,67;2023
28/08/2023;105,0354167;138,9;72,2;19,04876396;87,65333333;120,714;138,9;-5,43;25,35;2023
29/08/2023;110,1083333;141,95;82,19;20,38389361;92,24166667;127,09;141,95;15,18;36,05;2023
30/08/2023;105,7333333;138,45;86,51;16,7096748;92,435;118,868;138,45;4,18;22,99;2023
31/08/2023;102,7516667;136,66;88;14,61710067;92,87833333;120,532;136,66;8,38;19,61;2023
01/09/2023;101,88625;127,82;78,18;16,00440668;92,05166667;117,56;127,82;13,95;18,15;2023
02/09/2023;92,82833333;126,96;55,35;18,2257371;91,16166667;113,506;126,96;17,21;21,17;2023
03/09/2023;71,17166667;110,78;4,94;30,8105072;80,82333333;97,478;110,78;10,12;37,95;2023
04/09/2023;89,27583333;138,33;52,86;24,76465134;62,16833333;115,978;138,33;18,79;30,96;2023
05/09/2023;95,52333333;151,13;54,6;25,67538538;75,76333333;130,934;151,13;72,1;62,02;2023
06/09/2023;101,3720833;182,52;72,8;29,38396753;82,255;144,678;182,52;55,95;39,96;2023
07/09/2023;100,9304167;167,27;74,42;24,15676329;84,66833333;133,738;167,27;30,18;33,74;2023
08/09/2023;102,7758333;164,05;71,4;25,74962962;89,01166667;138,824;164,05;27,1;33,95;2023
09/09/2023;92,50375;139,82;26,32;28,65416698;97,205;124,088;139,82;13,64;31,57;2023
10/09/2023;79,06083333;131,57;0;40,4141882;89,06;119,07;131,57;29,87;52,56;2023
11/09/2023;116,4095833;227,26;76,29;38,25410606;88,61333333;174,448;227,26;95,29;64,08;2023
12/09/2023;109,47875;147,47;72,15;22,15811743;85,12833333;135,34;147,47;31,93;37,66;2023
13/09/2023;105,2804167;137,72;76,61;16,88306831;90,785;122,768;137,5;16,09;23;2023
14/09/2023;101,9;145,91;55;21,34835112;81,02333333;123,632;145,91;15,08;29,71;2023
15/09/2023;95,46583333;125,07;63,35;18,70183807;84,635;117,75;124,64;38,21;38,8;2023
16/09/2023;81,20625;121,57;32,44;26,07736147;77,49;107,782;121,57;30,18;40,06;2023
17/09/2023;71,00041667;125,8;4,08;33,81287566;77,29833333;102,718;125,8;2,04;39,22;2023
18/09/2023;74,99916667;129,22;-0,01;37,21226375;42,005;101,292;129,22;-0,06;81,74;2023
19/09/2023;42,6;115,61;-0,08;46,42243395;1,483333333;93,458;115,61;27,76;72,27;2023
20/09/2023;44,82666667;115,45;-0,09;44,71053681;17,57333333;93,592;115,45;67,87;79,51;2023
21/09/2023;86,04916667;121,38;0,09;34,15528108;40,42833333;110,746;121,38;24,43;44,49;2023
22/09/2023;87,08083333;133,59;0,08;33,074613;54,94166667;110,684;133,59;42,5;54,46;2023
23/09/2023;96,95416667;145;53,42;20,7468164;92,44;121,584;145;18,94;30,27;2023
24/09/2023;45,67125;134,98;-1,98;41,65467126;47,72833333;95,928;134,98;55,39;67,73;2023
25/09/2023;94,77083333;156,59;0,05;44,42409921;45,18666667;132,888;156,59;49,56;58,64;2023
26/09/2023;112,99875;160,34;84,56;20,00786613;104,3;139,038;160,34;28,27;29,49;2023
27/09/2023;101,955;140,01;65,54;19,43399039;92,29166667;111,94;133,68;-9,55;36,92;2023
28/09/2023;95,16125;143,47;9,66;31,01619918;60,10833333;122,794;143,47;26;38,08;2023
29/09/2023;94,3625;141,24;38,99;27,07742831;64,005;124,238;141,24;32,45;39,03;2023
30/09/2023;89,37166667;132,03;15,04;30,10405182;92,54;114,304;132,03;8,42;40,96;2023
01/10/2023;68,10083333;130;-0,02;43,12812932;70,005;117,574;130;52,95;61,2;2023
02/10/2023;109,2725;182,02;51,34;27,74506447;88,225;140,018;182,02;11,69;47,02;2023
03/10/2023;47,74166667;130;-0,01;40,72381182;30,23833333;95,742;130;79,59;59,78;2023
04/10/2023;78,44583333;130,02;17,24;31,96952216;45,035;107,69;130,02;12,41;50;2023
05/10/2023;93,70875;139,4;61,97;20,32664931;75,63333333;117,084;139,4;20,57;27,74;2023
06/10/2023;79,96458333;120,8;30,27;25,74675952;68,28;100,246;116,28;10,81;44,74;2023
07/10/2023;53,545;108,91;0,22;36,12891531;36,87666667;96,324;108,91;47,48;40,12;2023
08/10/2023;89,43541667;139,01;54,59;21,4644835;79,52833333;116,95;139,01;33,18;29,69;2023
09/10/2023;115,7816667;221,7;75;36,37885251;86,415;171,648;221,7;91,06;59,55;2023
10/10/2023;102,6216667;159,48;29;28,47394517;78,915;116,486;143,21;5,51;70,9;2023
11/10/2023;82,88625;142,42;6,39;44,74176473;38,17166667;123,162;142,24;46,56;70,78;2023
12/10/2023;127,455;221,18;89,04;27,81117245;104,5066667;163,512;221,18;44,11;50,57;2023
13/10/2023;59,81583333;143;0,72;49,11331077;64,685;56,556;92,07;-33,67;106,42;2023
14/10/2023;43,77208333;142,22;0,04;47,77862574;9,408333333;115,778;142,22;119,25;62,69;2023
15/10/2023;59,64625;155,91;6,12;55,38271013;39,47333333;135,316;155,91;140,32;62,25;2023
16/10/2023;135,6145833;240;96,62;33,28700752;106,3083333;175,806;240;46,24;54,2;2023
17/10/2023;107,10875;166,39;38;28,91379967;82,06833333;118,158;145,04;7,72;70,22;2023
18/10/2023;59,21666667;113,47;0,98;33,78352283;10,30333333;89,8;113,47;36,91;37,93;2023
19/10/2023;86,42416667;143,88;1,06;43,80865201;24,09833333;119,956;143,88;90,63;46,75;2023
20/10/2023;85,51916667;127,78;5,7;35,40624643;32,40166667;111,284;127,78;57,91;42,53;2023
21/10/2023;42,50291667;114,96;10;26,69666621;28,20333333;80,128;114,96;59,84;39,38;2023
22/10/2023;68,69833333;140,59;15,63;39,18034353;48,60833333;122,568;140,59;103,95;36,37;2023
23/10/2023;116,48875;157,91;96,9;19,21348922;99,445;131,318;157,91;32,2;32,5;2023
24/10/2023;116,17125;154,12;89,46;17,9408037;93,89333333;137;154,12;46,15;22,26;2023
25/10/2023;108,2754167;158,2;45,59;26,06008709;79,95166667;128,89;158,2;56,45;71,33;2023
26/10/2023;120,2691667;151,41;90;19,92673863;95,62333333;133,512;151,41;34,01;36,38;2023
27/10/2023;98,91166667;152,7;45,37;29,75595222;68,44;123,864;140,92;52,86;52,07;2023
28/10/2023;44,25458333;89,17;1,38;26,50901077;34,865;48,562;76,9;16,86;63,21;2023
29/10/2023;16,90916667;64,21;0;23,99723443;1,336666667;50,822;64,21;48,25;26,72;2023
30/10/2023;96,06291667;171;8,2;49,53233581;24,62333333;144,818;171;93,35;56,45;2023
31/10/2023;108,3004167;172,04;63,4;29,43622103;70,02;145,714;172,04;77,24;26,7;2023
01/11/2023;37,43333333;81,53;6,79;21,3018637;12,25166667;59,582;81,53;48,48;34,51;2023
02/11/2023;57,92791667;111,55;0,06;36,91712151;3,665;94,686;111,55;96,78;61,79;2023
03/11/2023;59,32208333;95,25;5,73;29,03352365;17,70833333;78,182;93,33;31,29;38,44;2023
04/11/2023;23,20666667;46,98;8,71;9,465549281;21,22833333;30,656;46,98;30,85;23,35;2023
05/11/2023;20,11958333;72,77;2,98;18,30667863;6,846666667;49,206;72,77;64,95;33,09;2023
06/11/2023;77,25958333;151,74;1,77;44,17562327;19,82;130,064;151,74;78,17;56,64;2023
07/11/2023;102,00125;150,59;68,01;23,2942158;77,16666667;124,436;150,59;47,26;29,72;2023
08/11/2023;92,37333333;127,43;66,76;17,20578989;75,375;116,526;127,43;42,45;23,28;2023
09/11/2023;98,20291667;132,31;64,32;18,50591127;76,41;113,88;132,31;19,13;34,56;2023
10/11/2023;94,87166667;135,1;48,36;24,18991933;61,14833333;121,186;135,1;49,88;21,68;2023
11/11/2023;97,10083333;135,76;82,71;15,15100626;85,46333333;120,86;135,76;49,46;12,91;2023
12/11/2023;85,00958333;114,56;41,46;15,29584612;73,42;96,182;114,56;40,61;34,04;2023
13/11/2023;73,28083333;107;12,49;23,0851729;66,04166667;87,156;104,57;43,97;74,33;2023
14/11/2023;68,72833333;118,14;1,3;37,24091236;15,65666667;104,38;118,14;66,14;47,26;2023
15/11/2023;94,44083333;129,9;70,69;16,82799141;76,77;115,892;129,9;36,35;19,12;2023
16/11/2023;106,5104167;129,99;79,9;16,79447515;87,87833333;118,68;125,28;18;24,38;2023
17/11/2023;121,4920833;150,33;92,79;15,94007719;99,86333333;137,518;150,33;30,67;18,88;2023
18/11/2023;82,36083333;108,67;19,64;17,58099491;76,385;94,3;108,67;23,26;77,74;2023
19/11/2023;39,13125;104,68;0,07;39,83210332;13,12166667;94,782;104,68;102,35;25,64;2023
20/11/2023;101,2766667;139,98;46,74;23,87952692;68,3;122,502;139,98;38,98;24,71;2023
21/11/2023;119,0991667;142,08;90,94;15,88225395;95,93333333;130,04;142,08;22,38;18,53;2023
22/11/2023;108,7504167;136,17;64,97;17,1855188;88,86833333;119,234;133,11;14,66;30,04;2023
23/11/2023;82,32833333;129,38;23,96;32,67862986;35,96;113,224;129,38;43,76;47,05;2023
24/11/2023;76,10375;116,97;1,63;36,18961607;22,86166667;102,07;112,8;40,84;40,08;2023
25/11/2023;97,4775;130,26;69,99;20,55924805;79,12833333;125,606;130,26;50,45;18,89;2023
26/11/2023;117,9625;156,68;99;15,50982276;102,2016667;141,09;156,68;53,24;12,33;2023
27/11/2023;116,0725;144,99;77,74;19,88252592;88,79166667;120,934;128,9;6,89;27,92;2023
28/11/2023;124,0820833;189,98;64,47;35,36017558;74,88;159,85;189,98;81,5;25,97;2023
29/11/2023;141,33875;250;85,1;45,67942647;93,22833333;200,002;250;144,93;50;2023
30/11/2023;169,3420833;260,95;100;54,0089235;103,5933333;198,834;260,95;119,93;51,18;2023
01/12/2023;156,0420833;230,09;95,88;46,21388291;100,295;172,794;230,09;78,59;50,96;2023
02/12/2023;117,47;144,91;98,49;13,34303107;102,7033333;131,592;144,91;45,31;14,16;2023
03/12/2023;105,0808333;129,05;89,65;11,316754;98,82333333;119,07;129,05;39,4;10,94;2023
04/12/2023;112,1825;132,45;85,38;16,72242942;88,655;121,048;132,45;25,49;12,94;2023
05/12/2023;114,1416667;147,47;83,62;18,54915975;88,01;136,456;147,47;39,47;17,55;2023
06/12/2023;129,0870833;178,07;90,59;28,45725115;93,385;147,774;178,07;58,25;33,39;2023
07/12/2023;104,9691667;150;85;16,76809728;93,01;106,706;121,44;11,39;23,91;2023
08/12/2023;102,9579167;118,92;79,52;13,17901493;84,375;109,208;118,6;18,2;13,36;2023
09/12/2023;73,74208333;92,37;34,02;13,07800609;66,82833333;74,742;83,21;7,17;51,08;2023
10/12/2023;45,10166667;69,23;7,36;19,035256;17,95166667;54,972;62,4;32,74;17,78;2023
11/12/2023;82,65041667;123,57;10;35,99024729;29,83166667;115,938;123,57;47,14;39,41;2023
12/12/2023;87,71208333;106,34;67,84;10,55324759;81,27666667;95,084;106,34;13,36;15,81;2023
13/12/2023;91,3375;108,34;71,57;11,43179747;74,12;100,38;108,34;23,36;17,78;2023
14/12/2023;94,91375;125,54;68,99;15,34980691;75,4;112,75;125,54;39,96;16,03;2023
15/12/2023;92,92958333;121,5;67,2;13,3612745;77,01;96,444;104,62;6,22;15,65;2023
16/12/2023;74,14375;97,51;46,5;13,68268942;56,30333333;88,934;97,51;38,17;16,71;2023
17/12/2023;59,895;93,37;26,39;22,10825185;41,18666667;88,426;93,37;49,75;16,17;2023
18/12/2023;83,4325;109,86;53,41;15,62854864;64,21666667;93,034;104,66;18,95;19,45;2023
19/12/2023;80,78291667;101,15;57,85;12,1182846;65,125;89,624;95,55;11,87;16,57;2023
20/12/2023;66,73166667;90,37;30,7;18,42036601;40,86666667;81,68;90,34;36,36;21,88;2023
21/12/2023;37,06125;62,42;0,72;19,19063411;9,87;55,326;62,42;29,06;25,18;2023
22/12/2023;28,38583333;54,65;0;18,91520022;0,916666667;42,434;54,65;50,22;29,57;2023
23/12/2023;19,34625;42,08;-0,01;14,7961572;0,353333333;26,026;37,67;34,5;22,08;2023
24/12/2023;0,5975;7,54;-3,96;2,501488687;-1,268333333;3,558;7,54;8,45;5,9;2023
25/12/2023;0,6;18,45;-11,93;6,997310664;-6,205;9,972;18,45;25,86;16,78;2023
26/12/2023;29,50583333;77,02;-3,42;31,11497709;8,783333333;71,252;77,02;77,02;30,95;2023
27/12/2023;55,99958333;80,51;1,43;20,38048501;44,915;60,074;80,51;9,49;57,43;2023
28/12/2023;22,88125;56,91;-0,01;18,50147851;0,43;45,294;56,91;52,79;20;2023
29/12/2023;16,22125;39,02;-0,45;13,14289734;2,176666667;31,614;39,02;38,28;11,11;2023
30/12/2023;35,4975;79,99;5,63;22,32303455;9,505;63,364;79,99;66,75;21,37;2023
31/12/2023;9,350434783;25,94;0;6,865573192;1,862;17,206;25,94;25,93;8,19;2023
